TermID	Name	Value	LogSize	Frequency	Uniqueness	Dispensability	Representative
"GO:0000050"	"urea cycle"	1	4.19901427093462	0.03891891274557964	0.7498864361412286	0.48315613	null
"GO:0000160"	"phosphorelay signal transduction system"	8	5.924751582914166	2.069783687934709	0.9157357743122004	0.45918523	null
"GO:0000162"	"tryptophan biosynthetic process"	5	4.933962827883625	0.21141298839211184	0.6076202039369557	0.59308321	null
"GO:0000105"	"L-histidine biosynthetic process"	5	5.04917148862561	0.27563953210468173	0.6056666317785435	0.80683308	162
"GO:0006596"	"polyamine biosynthetic process"	1	4.801972791064626	0.15600547227677264	0.8404609913355378	0.87690526	162
"GO:0009073"	"aromatic amino acid family biosynthetic process"	4	5.48127203050035	0.745494579583934	0.5921483313662594	0.84028821	162
"GO:0009691"	"cytokinin biosynthetic process"	1	4.262806923000563	0.04507721781068465	0.8034356807700067	0.71561986	162
"GO:0019441"	"tryptophan catabolic process to kynurenine"	1	4.509565403222792	0.07956569525762759	0.6169416101369131	0.86831204	162
"GO:0019442"	"tryptophan catabolic process to acetyl-CoA"	1	3.6829569263012085	0.01185879848268421	0.5675257648119231	0.75956497	162
"GO:0019556"	"L-histidine catabolic process to glutamate and formamide"	1	4.24440083380137	0.04320658957348249	0.617687096316538	0.9672063	162
"GO:0019557"	"L-histidine catabolic process to glutamate and formate"	1	4.207661291196781	0.039701622981672124	0.6255345610363209	0.8285094	162
"GO:0033388"	"putrescine biosynthetic process from arginine"	1	4.301594211829356	0.04928859269733318	0.6691929200522226	0.88951757	162
"GO:0033389"	"putrescine biosynthetic process from arginine, using agmatinase"	1	4.102090525511837	0.031133653384697504	0.678434351453999	0.90698135	162
"GO:0000256"	"allantoin catabolic process"	2	3.9536630637470913	0.022120178904915525	0.8601786188706166	0.03948609	null
"GO:0000716"	"transcription-coupled nucleotide-excision repair, DNA damage recognition"	1	3.9451730461739003	0.02169190349271398	0.774853985275684	0.55821782	null
"GO:0000731"	"DNA synthesis involved in DNA repair"	1	4.816035707382992	0.1611398545173038	0.6813799720987773	0.66828143	null
"GO:0000902"	"cell morphogenesis"	2	5.360402160724579	0.5643833072815533	0.9977521449929081	-0	null
"GO:0000917"	"division septum assembly"	2	4.592731766393962	0.09635950639240434	0.9387589293304585	0.46488325	null
"GO:0043093"	"FtsZ-dependent cytokinesis"	1	4.611468390479829	0.1006078015732082	0.9770889545606954	0.82217502	917
"GO:0000967"	"rRNA 5'-end processing"	1	4.257606586392311	0.04454064286896087	0.7036582183623954	0.6130234	null
"GO:0002143"	"tRNA wobble position uridine thiolation"	1	4.351545085306165	0.05529675523287328	0.7025475073383801	0.61722315	null
"GO:0002100"	"tRNA wobble adenosine to inosine editing"	1	4.122346966255079	0.03262031056268448	0.712373700063605	0.76177013	2143
"GO:0002181"	"cytoplasmic translation"	2	5.185799878745934	0.37754692803215667	0.7501218574042028	0.4591912	null
"GO:0002949"	"tRNA threonylcarbamoyladenosine modification"	2	4.542339840842044	0.08580276361693058	0.6945832997879997	0.63625529	null
"GO:0005975"	"carbohydrate metabolic process"	17	6.322974310459075	5.177832504046095	0.8898209643693611	0.12158858	null
"GO:0005980"	"glycogen catabolic process"	1	4.3327211642891275	0.052951085877539515	0.7593966895487945	0.64179931	null
"GO:0005978"	"glycogen biosynthetic process"	1	4.5430617980146195	0.08594552208766443	0.7425641555784225	0.87684863	5980
"GO:0006002"	"fructose 6-phosphate metabolic process"	2	4.649763099462267	0.109882179465021	0.7746066257884334	0.40294827	null
"GO:0006015"	"5-phosphoribose 1-diphosphate biosynthetic process"	1	4.400917723075448	0.06195471494554675	0.7285486891241866	0.63328272	null
"GO:0006048"	"UDP-N-acetylglucosamine biosynthetic process"	2	4.4985862088175175	0.07757938343207214	0.6118939722959961	0.5352862	null
"GO:0006046"	"N-acetylglucosamine catabolic process"	1	4.2430876795053765	0.04307613786746707	0.8038891853712601	0.75238827	6048
"GO:0006047"	"UDP-N-acetylglucosamine metabolic process"	1	4.685670096490273	0.11935346559232878	0.6315535702596606	0.84548297	6048
"GO:0009298"	"GDP-mannose biosynthetic process"	1	4.337638932181409	0.053554117348742845	0.6243218146611815	0.79504117	6048
"GO:0046348"	"amino sugar catabolic process"	1	4.769044830603547	0.14461433085338896	0.7872370594187152	0.81889823	6048
"GO:0006071"	"glycerol metabolic process"	3	4.863810423971668	0.17987813447759335	0.7283743521261702	0.45686356	null
"GO:0006020"	"inositol metabolic process"	1	4.6157817693790255	0.10161203357423251	0.7675480176494133	0.80064041	6071
"GO:0006021"	"inositol biosynthetic process"	1	3.9947569445876283	0.024315705730684374	0.7275329087364575	0.7224467	6071
"GO:0019563"	"glycerol catabolic process"	2	4.623166559760084	0.10335467145836294	0.6847573651269316	0.93272843	6071
"GO:0046327"	"glycerol biosynthetic process from pyruvate"	1	3.6946929263314843	0.012183697071250901	0.6553216182995214	0.8026707	6071
"GO:0006094"	"gluconeogenesis"	5	5.016272658165155	0.25553027855475857	0.6724726112249978	0.43837971	null
"GO:0000271"	"polysaccharide biosynthetic process"	2	5.492254581401756	0.7645872943681143	0.7289103660021079	0.80805893	6094
"GO:0006006"	"glucose metabolic process"	3	5.290513185087556	0.4804905535489239	0.7264748379177353	0.85960511	6094
"GO:0019318"	"hexose metabolic process"	1	5.482233098635759	0.7471461474091479	0.7175923156489272	0.88299101	6094
"GO:0019323"	"pentose catabolic process"	1	4.611202692182174	0.10054626774961603	0.7020972877863703	0.82744718	6094
"GO:0033499"	"galactose catabolic process via UDP-galactose"	2	4.530673448440382	0.08352847349696375	0.7049600232219373	0.74442206	6094
"GO:0061621"	"canonical glycolysis"	1	4.120376479744434	0.032472629386063254	0.5342437446624041	0.84459257	6094
"GO:0006097"	"glyoxylate cycle"	1	4.278913574715962	0.046780474047716084	0.7070436105255772	0.43361207	null
"GO:0006099"	"tricarboxylic acid cycle"	8	5.302270305083983	0.4936760212682554	0.8287748407395565	0.13254999	null
"GO:0006119"	"oxidative phosphorylation"	1	5.301336065396815	0.49261517814952627	0.8355190711090421	0.84322775	6099
"GO:0009060"	"aerobic respiration"	3	5.6422408851035115	1.0799752151603983	0.8249684565802203	0.89085187	6099
"GO:0019646"	"aerobic electron transport chain"	3	5.05577192349387	0.27986075240310504	0.8416346204256462	0.91664153	6099
"GO:0022900"	"electron transport chain"	1	5.5178896866418805	0.8110773287684753	0.8327581697631877	0.71650568	6099
"GO:0022904"	"respiratory electron transport chain"	5	5.426678765880336	0.6574322939646986	0.8312796075037779	0.82337933	6099
"GO:0042773"	"ATP synthesis coupled electron transport"	3	5.152022181008303	0.3492955189445167	0.8388810802628562	0.89415749	6099
"GO:0006102"	"isocitrate metabolic process"	1	4.255007021791755	0.04427481675104267	0.7267880941736637	0.63717597	null
"GO:0000053"	"argininosuccinate metabolic process"	1	4.06310808299862	0.028460624087853367	0.6949163288210153	0.83982762	6102
"GO:0006103"	"2-oxoglutarate metabolic process"	1	3.358315640082196	0.005614346064550162	0.763657926548686	0.29379848	null
"GO:0006107"	"oxaloacetate metabolic process"	3	4.411030146797094	0.06341429724115318	0.7261958729061608	0.64841077	null
"GO:0006108"	"malate metabolic process"	1	4.516773278301586	0.0808972872001623	0.7217656936367787	0.66036972	null
"GO:0006189"	"'de novo' IMP biosynthetic process"	9	5.104217300599368	0.31288718620149786	0.5564213272532132	0.29648494	null
"GO:0006096"	"glycolytic process"	5	5.226434919292073	0.4145779830699283	0.46988040758177424	0.72067365	6189
"GO:0006098"	"pentose-phosphate shunt"	3	4.939973277254615	0.21435922786570524	0.5795797317109859	0.77390956	6189
"GO:0006145"	"purine nucleobase catabolic process"	1	4.483986464719332	0.07501465366475024	0.6515151296620424	0.77840267	6189
"GO:0006164"	"purine nucleotide biosynthetic process"	2	5.761193877021937	1.420257259625133	0.5313896208964878	0.7776887	6189
"GO:0006166"	"purine ribonucleoside salvage"	2	4.662086989741682	0.11304501799765886	0.5741492245581148	0.87022954	6189
"GO:0006167"	"AMP biosynthetic process"	1	4.7590556246240245	0.14132596332062308	0.5790505350281872	0.91379292	6189
"GO:0006177"	"GMP biosynthetic process"	1	4.591554304100671	0.09609860298037351	0.5901843736934554	0.81057303	6189
"GO:0006183"	"GTP biosynthetic process"	3	4.511509038309229	0.07992259143446222	0.5946163499386217	0.74308507	6189
"GO:0006220"	"pyrimidine nucleotide metabolic process"	1	5.3476129465061275	0.5480054647942597	0.5949479651107136	0.80601073	6189
"GO:0006223"	"uracil salvage"	1	3.857211842316892	0.017714357135715703	0.6691418616758634	0.9395675	6189
"GO:0006225"	"UDP biosynthetic process"	1	4.155639633759776	0.03521949927121801	0.6150467217933673	0.79241852	6189
"GO:0006228"	"UTP biosynthetic process"	1	4.287398589234254	0.047703481401598725	0.6050280588397294	0.88494438	6189
"GO:0006241"	"CTP biosynthetic process"	1	4.671885278830549	0.1156245158826429	0.5822440056492957	0.94511094	6189
"GO:0006740"	"NADPH regeneration"	1	5.0338739015808995	0.26609932809495074	0.5885926860579155	0.9374459	6189
"GO:0006741"	"NADP biosynthetic process"	1	4.241247551263716	0.04289399774963423	0.6199266231021675	0.85724277	6189
"GO:0006754"	"ATP biosynthetic process"	1	5.159843802441808	0.3556433481862856	0.5519387105739348	0.86152075	6189
"GO:0008615"	"pyridoxine biosynthetic process"	2	4.469998642218747	0.07263698672114854	0.6710571456875811	0.83281015	6189
"GO:0009051"	"pentose-phosphate shunt, oxidative branch"	1	4.354530998050397	0.055678264939144774	0.6150964322122038	0.86713816	6189
"GO:0009143"	"nucleoside triphosphate catabolic process"	1	4.72007657276814	0.1291939546611896	0.6084367838938151	0.81017305	6189
"GO:0009156"	"ribonucleoside monophosphate biosynthetic process"	1	5.53150574028484	0.8369092279124709	0.5589687017287145	0.88767123	6189
"GO:0009166"	"nucleotide catabolic process"	1	5.4229639007171535	0.6518327160178106	0.5614891444721788	0.93483015	6189
"GO:0009168"	"purine ribonucleoside monophosphate biosynthetic process"	1	5.3582395081717715	0.5615798262786938	0.5706581295934621	0.94110266	6189
"GO:0009263"	"deoxyribonucleotide biosynthetic process"	1	4.8936119795139845	0.19265501760827283	0.5876039157706469	0.90020624	6189
"GO:0009264"	"deoxyribonucleotide catabolic process"	1	4.694999832747095	0.12194527024203125	0.5941274127251178	0.82006112	6189
"GO:0009435"	"NAD biosynthetic process"	2	4.929434253484342	0.20921992291928668	0.5804739311164542	0.7722982	6189
"GO:0019674"	"NAD metabolic process"	1	5.174815456482182	0.3681174849048916	0.6012344777745385	0.81164479	6189
"GO:0034213"	"quinolinate catabolic process"	1	3.9921114877869495	0.02416802455406315	0.6811579538779987	0.77613702	6189
"GO:0034628"	"'de novo' NAD biosynthetic process from aspartate"	2	4.127849590187638	0.03303627921016759	0.5537683906299233	0.841462	6189
"GO:0042777"	"proton motive force-driven plasma membrane ATP synthesis"	1	4.275955981753744	0.04646295951798045	0.608051049029629	0.72828073	6189
"GO:0042823"	"pyridoxal phosphate biosynthetic process"	1	4.4803519405777585	0.07438947001705373	0.6166630827414799	0.95742143	6189
"GO:0044205"	"'de novo' UMP biosynthetic process"	5	4.83315348917113	0.16761813546508814	0.5730821194183622	0.78023589	6189
"GO:0044206"	"UMP salvage"	1	4.182443185957241	0.037461791802916915	0.6038199783311702	0.86021822	6189
"GO:0044209"	"AMP salvage"	2	4.3870337012823635	0.06000532341414661	0.5939945253860178	0.78162227	6189
"GO:0044210"	"'de novo' CTP biosynthetic process"	2	4.340245761567932	0.053876554584365854	0.6020246012838574	0.81662217	6189
"GO:0046103"	"inosine biosynthetic process"	1	4.036748629172203	0.026784442733202483	0.6215483198200848	0.87735589	6189
"GO:0006207"	"'de novo' pyrimidine nucleobase biosynthetic process"	4	4.804861519542023	0.15704662457195226	0.642807709142806	0.46453365	null
"GO:0006144"	"purine nucleobase metabolic process"	3	5.071171096656961	0.2899621448839967	0.6535123162059504	0.82747971	6207
"GO:0006168"	"adenine salvage"	1	4.01736728355353	0.025615300084951134	0.6594833343138239	0.9179521	6207
"GO:0009113"	"purine nucleobase biosynthetic process"	1	4.806295318137176	0.1575659700430702	0.6410685065704756	0.85746988	6207
"GO:0009228"	"thiamine biosynthetic process"	3	4.869648207910003	0.18231241253889985	0.6272069811365061	0.94924578	6207
"GO:0009229"	"thiamine diphosphate biosynthetic process"	3	4.69769129793841	0.12270336694868685	0.6083243517716785	0.74825977	6207
"GO:0019856"	"pyrimidine nucleobase biosynthetic process"	1	4.968249394107917	0.22878029476276768	0.6335877969079622	0.92276685	6207
"GO:0043103"	"hypoxanthine salvage"	1	3.916453948549925	0.02030370043247448	0.664572606807621	0.80540331	6207
"GO:0046084"	"adenine biosynthetic process"	1	4.35289610469331	0.05546904993893137	0.6638054897933733	0.79331279	6207
"GO:0006260"	"DNA replication"	6	5.767837581402916	1.4421509940592292	0.7571015072281938	0.69969731	null
"GO:0006261"	"DNA-templated DNA replication"	3	5.552177685196805	0.8777086143070274	0.7641030820101432	0.65778236	null
"GO:0006271"	"DNA strand elongation involved in DNA replication"	1	4.758995111589785	0.14130627249707356	0.7939180896545923	0.73960819	6261
"GO:0006402"	"mRNA catabolic process"	1	5.242163616633058	0.4298679075561123	0.6726104237259191	0.80649898	6261
"GO:0016075"	"rRNA catabolic process"	1	4.547627044770351	0.08685376132388495	0.7247705322410442	0.70807514	6261
"GO:0033567"	"DNA replication, Okazaki fragment processing"	1	3.9230885154423993	0.020616292256322735	0.8189560933697526	0.87034397	6261
"GO:0043137"	"DNA replication, removal of RNA primer"	1	4.487689734941669	0.07565706678305256	0.72071057199968	0.7008534	6261
"GO:0006265"	"DNA topological change"	4	4.868685573948292	0.18190875065613515	0.7693906536801983	0.55282507	null
"GO:0006281"	"DNA repair"	10	6.065400806810804	2.8613720240950697	0.7026851214065283	0.2195564	null
"GO:0000725"	"recombinational repair"	2	5.3311862923975815	0.5276648440676299	0.7423192906779077	0.75837893	6281
"GO:0006284"	"base-excision repair"	1	5.116292201435748	0.3217086751516723	0.7521665458074508	0.71799894	6281
"GO:0006289"	"nucleotide-excision repair"	3	5.093498730574553	0.3052594534290117	0.7531669234133688	0.71396672	6281
"GO:0006302"	"double-strand break repair"	2	5.472820784475008	0.7311276624516326	0.7353887151215216	0.78757176	6281
"GO:0006310"	"DNA recombination"	6	5.870739739053611	1.827734239452524	0.7519358678242513	0.72163856	6281
"GO:0006298"	"mismatch repair"	1	4.94711989693841	0.21791588286933303	0.7594030055602492	0.68911364	null
"GO:0006307"	"DNA alkylation repair"	2	4.446925311242748	0.06887850077613843	0.7785145896665545	0.61585685	null
"GO:0006352"	"DNA-templated transcription initiation"	4	5.498863065954816	0.7763107184388958	0.6703279956115884	0.44459518	null
"GO:0006353"	"DNA-templated transcription termination"	2	4.865435641837405	0.1805525451841636	0.7046897618904043	0.68221702	null
"GO:0006354"	"DNA-templated transcription elongation"	1	4.903979379363818	0.19730943602478507	0.7028044740756344	0.68767839	null
"GO:0006355"	"regulation of DNA-templated transcription"	14	6.655528356088988	11.135305937063894	0.9630793825281246	0.61193481	null
"GO:0006396"	"RNA processing"	3	6.2525248812610785	4.402491558667012	0.6201986487586119	0.63939312	null
"GO:0006351"	"DNA-templated transcription"	3	5.918800159642457	2.0416135034942102	0.6455419052759368	0.72753381	6396
"GO:0006412"	"translation"	36	6.255454388144548	4.432288697403288	0.708030597038776	0	null
"GO:0006419"	"alanyl-tRNA aminoacylation"	1	4.261476988621374	0.044939382045838173	0.6657459845142368	0.63673068	null
"GO:0006420"	"arginyl-tRNA aminoacylation"	1	4.325063893564886	0.05202561717071319	0.6626446477520549	0.64301542	null
"GO:0006422"	"aspartyl-tRNA aminoacylation"	1	4.23200448297183	0.04199068121930108	0.6671642911085026	0.61538041	null
"GO:0006423"	"cysteinyl-tRNA aminoacylation"	2	4.199782593968985	0.03898783062800288	0.6687012639598547	0.6124038	null
"GO:0006424"	"glutamyl-tRNA aminoacylation"	1	4.3858742739041965	0.059845335472806946	0.6596247006567855	0.64914285	null
"GO:0006426"	"glycyl-tRNA aminoacylation"	1	4.265666699452483	0.04537504151687078	0.6655433859023718	0.637141	null
"GO:0006427"	"histidyl-tRNA aminoacylation"	1	4.253168325901442	0.04408775392732245	0.6661470385728443	0.61735129	null
"GO:0006429"	"leucyl-tRNA aminoacylation"	1	4.193402903062418	0.03841925809801117	0.6690038992030465	0.61181786	null
"GO:0006430"	"lysyl-tRNA aminoacylation"	1	4.224714304530398	0.04129165698329396	0.6675132709040833	0.61470443	null
"GO:0006431"	"methionyl-tRNA aminoacylation"	1	4.218194027092983	0.040676318747372195	0.6678247792964762	0.61410109	null
"GO:0006432"	"phenylalanyl-tRNA aminoacylation"	1	4.45006426282523	0.0693781554237069	0.65637802548826	0.63631053	null
"GO:0006433"	"prolyl-tRNA aminoacylation"	1	4.203848463746235	0.03935457221661225	0.6685081026143707	0.61277781	null
"GO:0006434"	"seryl-tRNA aminoacylation"	1	4.191395117112105	0.0382420406860657	0.6690990293258758	0.61163369	null
"GO:0006435"	"threonyl-tRNA aminoacylation"	1	4.204337075628155	0.03939887656959862	0.6684848745524845	0.61282279	null
"GO:0006436"	"tryptophanyl-tRNA aminoacylation"	1	4.217852280259893	0.04064432115910427	0.6678410903443407	0.6140695	null
"GO:0006450"	"regulation of translational fidelity"	1	5.081995025272298	0.29727974718557826	0.977065356175745	0.62709714	null
"GO:0006457"	"protein folding"	1	5.685286610314463	1.1925033490398829	0.7351712152116429	0.69676336	null
"GO:0006465"	"signal peptide processing"	1	4.7579120162872295	0.14095429902612633	0.7714970308597408	0.58057964	null
"GO:0006508"	"proteolysis"	23	6.335491800413612	5.329242630377004	0.8345056092113043	0.44662344	null
"GO:0006520"	"amino acid metabolic process"	2	6.349827285704941	5.5080894579711925	0.8890893538044136	0.12927537	null
"GO:0006526"	"L-arginine biosynthetic process"	4	5.008561849969881	0.25103338672664227	0.6064267669341192	0.61886469	null
"GO:0006537"	"glutamate biosynthetic process"	1	4.528067840594207	0.08302881884939528	0.6256348027958585	0.8000208	6526
"GO:0006541"	"glutamine metabolic process"	2	5.34329434258671	0.5425831042593171	0.6357314493776285	0.79162733	6526
"GO:0006542"	"glutamine biosynthetic process"	1	4.48638796834179	0.07543062231223335	0.6397134824989273	0.79419389	6526
"GO:0010133"	"proline catabolic process to glutamate"	1	4.287376181552599	0.04770102004865504	0.6329031143524598	0.88312872	6526
"GO:0019546"	"arginine deiminase pathway"	1	3.8969669019331548	0.01941269066685977	0.6601396753029385	0.75547762	6526
"GO:0055129"	"L-proline biosynthetic process"	3	4.576295268770989	0.09278069921228338	0.6337694092462467	0.80687067	6526
"GO:0006565"	"L-serine catabolic process"	2	4.6167485032003	0.10183847804505171	0.6220376753224854	0.48422241	null
"GO:0006535"	"cysteine biosynthetic process from serine"	1	4.588966022708684	0.09552756909743812	0.6125599151930486	0.8526799	6565
"GO:0006564"	"L-serine biosynthetic process"	2	4.456669629423757	0.0704414598953797	0.6382259836231342	0.8343197	6565
"GO:0009090"	"homoserine biosynthetic process"	1	4.2473102774556555	0.043497029220837556	0.6491162805847898	0.87023356	6565
"GO:0019343"	"cysteine biosynthetic process via cystathionine"	1	3.550839605065785	0.008747648361863777	0.6648351997274199	0.72591701	6565
"GO:0019346"	"transsulfuration"	1	4.588798144825715	0.09549064880328281	0.6518008419741632	0.71820835	6565
"GO:0019464"	"glycine decarboxylation via glycine cleavage system"	1	4.487915731359767	0.07569644843015155	0.6293114169865995	0.87450314	6565
"GO:0006592"	"ornithine biosynthetic process"	1	3.9857407410500745	0.0238160510831159	0.6705188546384573	0.50239343	null
"GO:0006605"	"protein targeting"	2	5.485150507652978	0.7521820755319316	0.9438891464456324	0.60603366	null
"GO:0015031"	"protein transport"	1	6.082135596279315	2.9737820130332575	0.9321696000025158	0.77928584	6605
"GO:0006629"	"lipid metabolic process"	3	6.385531203866832	5.980051423570241	0.8881011065170024	0.12789186	null
"GO:0006633"	"fatty acid biosynthetic process"	8	5.530095916325892	0.8341968169685278	0.5803336866909851	0.56535585	null
"GO:0006631"	"fatty acid metabolic process"	4	5.856685398354459	1.7695330877461002	0.6166182552568289	0.74812237	6633
"GO:0006635"	"fatty acid beta-oxidation"	2	5.212576430258595	0.40155742599782385	0.6031845264317512	0.76922584	6633
"GO:0006650"	"glycerophospholipid metabolic process"	1	5.602752139185302	0.986109059299949	0.7051938891168724	0.91700904	6633
"GO:0006654"	"phosphatidic acid biosynthetic process"	1	4.63211295962501	0.10550589393114541	0.6966174613447519	0.71609652	6633
"GO:0008299"	"isoprenoid biosynthetic process"	1	5.295448339918479	0.4859818319662897	0.7460605799313265	0.9058496	6633
"GO:0008654"	"phospholipid biosynthetic process"	4	5.742225365940581	1.3595602960338102	0.651350676997105	0.71326895	6633
"GO:0009062"	"fatty acid catabolic process"	1	5.315491728479956	0.5089364095191151	0.5984317267868877	0.8902962	6633
"GO:0016094"	"polyprenol biosynthetic process"	2	4.32068622098333	0.05150381034665153	0.6654772231222997	0.74924455	6633
"GO:0016114"	"terpenoid biosynthetic process"	4	5.0322076383302115	0.2650803279762643	0.756776563260425	0.84735773	6633
"GO:0019287"	"isopentenyl diphosphate biosynthetic process, mevalonate pathway"	1	4.045674966769105	0.02734070849847576	0.606667105105503	0.85670352	6633
"GO:0019288"	"isopentenyl diphosphate biosynthetic process, methylerythritol 4-phosphate pathway"	4	4.751771641015894	0.13897537125940196	0.6646862589276765	0.73423687	6633
"GO:0019752"	"carboxylic acid metabolic process"	1	6.517258199558676	8.099010481966873	0.6204883031341506	0.80487431	6633
"GO:0033539"	"fatty acid beta-oxidation using acyl-CoA dehydrogenase"	2	4.652835962028358	0.1106624283481698	0.6368342328498698	0.88567879	6633
"GO:0043436"	"oxoacid metabolic process"	1	6.526826292968412	8.279422730033247	0.6211776019159653	0.90424573	6633
"GO:0046166"	"glyceraldehyde-3-phosphate biosynthetic process"	1	4.16172726971602	0.03571669256584279	0.7287919991359676	0.8194757	6633
"GO:0046394"	"carboxylic acid biosynthetic process"	1	6.234378064251388	4.222325445895008	0.5728502213406144	0.76104729	6633
"GO:0046474"	"glycerophospholipid biosynthetic process"	1	5.488371603598974	0.7577816534788197	0.6496165173797029	0.86988665	6633
"GO:0046854"	"phosphatidylinositol phosphate biosynthetic process"	1	4.891314399382143	0.19163847884253007	0.6837542205770336	0.75658773	6633
"GO:0051484"	"isopentenyl diphosphate biosynthetic process, methylerythritol 4-phosphate pathway involved in terpenoid biosynthetic process"	1	3.9232440186302764	0.020623676315153796	0.7032140950382751	0.84067069	6633
"GO:0006637"	"acyl-CoA metabolic process"	1	5.306300619215061	0.4982787512729502	0.577194667192105	0.68093366	null
"GO:0006104"	"succinyl-CoA metabolic process"	1	4.11747016362012	0.0322560303270188	0.6472814082055688	0.79084831	6637
"GO:0046491"	"L-methylmalonyl-CoA metabolic process"	1	4.1615776110488705	0.03570438580112436	0.645095349434615	0.79691544	6637
"GO:2001295"	"malonyl-CoA biosynthetic process"	1	4.3304543597219975	0.05267541434784657	0.5995085572275608	0.82103121	6637
"GO:0006730"	"one-carbon metabolic process"	2	5.140313163880555	0.3400039115820981	0.7475019188472198	0.28025853	null
"GO:0006777"	"Mo-molybdopterin cofactor biosynthetic process"	3	4.868897066699831	0.1819973593621079	0.7166221616615752	0.48326912	null
"GO:0006785"	"heme B biosynthetic process"	1	3.3265406685165617	0.005218068240616548	0.8696143948205696	0.62849096	null
"GO:0006790"	"sulfur compound metabolic process"	1	5.985815233869408	2.3822573668416673	0.8554308650139063	0.162991	null
"GO:0006796"	"phosphate-containing compound metabolic process"	1	6.711039325075964	12.653571809553702	0.7392228994923604	0.65954171	null
"GO:0006799"	"polyphosphate biosynthetic process"	1	3.9264453478183894	0.020776280197662395	0.7166416922663527	0.31703347	null
"GO:0006808"	"regulation of nitrogen utilization"	1	4.429865278734561	0.06622516230284378	0.9843886931581485	0.15731299	null
"GO:0006811"	"monoatomic ion transport"	1	6.300613307421873	4.917982551075166	0.9660113797224744	0.3621517	null
"GO:0006826"	"iron ion transport"	2	5.293702784512662	0.4840324404348896	0.9622737016031896	0.51557059	null
"GO:0033214"	"siderophore-dependent iron import into cell"	1	4.908720867878593	0.19947542661522966	0.9126277852233798	0.87700935	6826
"GO:1901678"	"iron coordination entity transport"	1	5.054904018624125	0.27930202528488807	0.9633555089187286	0.83061437	6826
"GO:0006865"	"amino acid transport"	2	5.620749050094252	1.027831453048388	0.9709666682394428	0.26188472	null
"GO:0006950"	"response to stress"	3	6.428160883324095	6.596819705552286	0.9534716681537283	0.47014853	null
"GO:0006979"	"response to oxidative stress"	4	5.493504057283511	0.7667902052527142	0.9473897204838931	0.60281751	null
"GO:0007165"	"signal transduction"	2	6.555859777363872	8.851839893322994	0.9018554623047087	0.68810945	null
"GO:0008033"	"tRNA processing"	2	5.748722810452788	1.3800535206429487	0.6352660009937638	0.68906316	null
"GO:0001510"	"RNA methylation"	1	5.461833047775286	0.712861962256531	0.7486972825169491	0.83321918	8033
"GO:0006400"	"tRNA modification"	1	5.619912080410342	1.0258525252816637	0.6349176322577735	0.82212064	8033
"GO:0030488"	"tRNA methylation"	1	5.096162383353206	0.3071374657250449	0.6643077468358803	0.86462941	8033
"GO:0008202"	"steroid metabolic process"	1	5.230425928708833	0.41840538689736173	0.8626178392713795	0.40540348	null
"GO:0008360"	"regulation of cell shape"	18	5.438573990218634	0.6756881487480254	0.9721729384076941	-0	null
"GO:0008652"	"amino acid biosynthetic process"	4	6.048555994777868	2.752513767454623	0.7053245701896307	0.5749222	null
"GO:1901605"	"alpha-amino acid metabolic process"	1	6.204814027521744	3.9444608507292327	0.5952927168701995	0.8026577	8652
"GO:0009089"	"lysine biosynthetic process via diaminopimelate"	5	4.967337329757503	0.2283003309387487	0.5828474459269607	0.59687539	null
"GO:0006529"	"asparagine biosynthetic process"	1	4.355604750958804	0.05581610070399124	0.6480370695826181	0.72154539	9089
"GO:0006567"	"threonine catabolic process"	2	4.605164928546119	0.09915806468937653	0.6258996989736331	0.89657475	9089
"GO:0009085"	"lysine biosynthetic process"	1	5.060920595168629	0.28319834699474467	0.607427741518529	0.96755444	9089
"GO:0009086"	"methionine biosynthetic process"	4	5.146431935463051	0.3448281633517247	0.5824529685117503	0.8333482	9089
"GO:0009088"	"threonine biosynthetic process"	3	4.74033900005824	0.13536456649101303	0.6264367153047053	0.77192868	9089
"GO:0019877"	"diaminopimelate biosynthetic process"	4	4.639057959965443	0.10720668881523318	0.6074156089484941	0.93766512	9089
"GO:0046951"	"ketone body biosynthetic process"	1	4.00026049854739	0.024625836201588938	0.6796823879952915	0.78477422	9089
"GO:0009094"	"L-phenylalanine biosynthetic process"	1	4.198327117723478	0.03885737892198747	0.6524529292552501	0.6940206	null
"GO:0006571"	"tyrosine biosynthetic process"	1	4.218614269745094	0.04071570039447119	0.6509019417085754	0.91481362	9094
"GO:0006572"	"tyrosine catabolic process"	1	4.270655548952985	0.04589930969387612	0.6415424243162393	0.74092926	9094
"GO:0009097"	"isoleucine biosynthetic process"	8	5.030619958888762	0.26411301626939526	0.6119471154509634	0.24542934	null
"GO:0006552"	"L-leucine catabolic process"	1	4.447824471981958	0.06902125924687227	0.6353354647345257	0.85519121	9097
"GO:0006574"	"valine catabolic process"	1	4.388047888828436	0.060145620531936776	0.6420917604539137	0.76466524	9097
"GO:0009083"	"branched-chain amino acid catabolic process"	2	4.87495122818457	0.18455224371765505	0.623390348235837	0.83475576	9097
"GO:0009098"	"L-leucine biosynthetic process"	3	4.798981936147421	0.15493478374626876	0.6222710007485485	0.9032374	9097
"GO:0009099"	"L-valine biosynthetic process"	5	4.873384549440535	0.18388767842285955	0.6177247715596178	0.89905583	9097
"GO:0009117"	"nucleotide metabolic process"	2	6.13588096544101	3.36553833160932	0.5518993246387612	0.64633801	null
"GO:0006753"	"nucleoside phosphate metabolic process"	1	6.262731985027961	4.507187667479684	0.5441020752264654	0.87477152	9117
"GO:0009234"	"menaquinone biosynthetic process"	3	4.5500448095649055	0.0873386478537913	0.7070506287159617	0.40212138	null
"GO:0006744"	"ubiquinone biosynthetic process"	1	4.930301944421756	0.20963835291971347	0.6888864457857916	0.86878601	9234
"GO:0009236"	"cobalamin biosynthetic process"	7	4.980471520550195	0.2353102641223694	0.6629845127734203	0.43536532	null
"GO:0006747"	"FAD biosynthetic process"	1	4.092790799676886	0.03047401079578937	0.6450836342959937	0.85535424	9236
"GO:0006779"	"porphyrin-containing compound biosynthetic process"	2	5.235435013044649	0.4232591749023126	0.8263177008392252	0.86837687	9236
"GO:0006782"	"protoporphyrinogen IX biosynthetic process"	2	4.854099475027679	0.17590058812059509	0.8359498577788865	0.90828827	9236
"GO:0006783"	"heme biosynthetic process"	1	5.125770698888183	0.3288072170412657	0.8288006763815574	0.95909868	9236
"GO:0006784"	"heme A biosynthetic process"	1	4.123721006440036	0.03272368738631933	0.8541265345331704	0.71046186	9236
"GO:0009231"	"riboflavin biosynthetic process"	4	4.946467003263508	0.21758852292782263	0.6769676211054054	0.74128923	9236
"GO:0009398"	"FMN biosynthetic process"	1	4.107786384315953	0.03154469932629324	0.6230986807381776	0.85743548	9236
"GO:0019354"	"siroheme biosynthetic process"	1	4.232538717530598	0.04204236963111851	0.8517240943555597	0.72333783	9236
"GO:0009247"	"glycolipid biosynthetic process"	1	5.305086842261735	0.49688808685976704	0.6828936742659415	0.64212229	null
"GO:0009245"	"lipid A biosynthetic process"	1	4.878717069217877	0.1861595071898827	0.665736682107605	0.89210513	9247
"GO:0009249"	"protein lipoylation"	2	4.601603742549416	0.09834827957090349	0.7745833093844967	0.56470818	null
"GO:0070490"	"protein pupylation"	1	3.7074850119674734	0.012547977306916584	0.8850059084324031	0.71800461	9249
"GO:0009254"	"peptidoglycan turnover"	2	4.544836685408386	0.08629749555861169	0.8331672051065071	0.39535554	null
"GO:0009303"	"rRNA transcription"	1	4.318522442141257	0.051247829640508086	0.7224546004478735	0.61312373	null
"GO:0009313"	"oligosaccharide catabolic process"	1	4.695884262944022	0.12219386688934362	0.8243640336421675	0.44292831	null
"GO:0005992"	"trehalose biosynthetic process"	1	4.3949592284862	0.06111047088586209	0.8259570631861212	0.7984025	9313
"GO:0009401"	"phosphoenolpyruvate-dependent sugar phosphotransferase system"	2	4.853144346172607	0.1755141557084362	0.9529016641616039	0.29013927	null
"GO:0098719"	"sodium ion import across plasma membrane"	1	4.2610962581323335	0.044900000398739176	0.9505505112463064	0.75799792	9401
"GO:0009408"	"response to heat"	2	5.132054664397105	0.3335994712226244	0.9486011120234854	0.54861894	null
"GO:0034605"	"cellular response to heat"	2	4.7774558227219925	0.1474424253856854	0.9319818729629598	0.90210951	9408
"GO:0009432"	"SOS response"	4	4.983851718991472	0.23714889477130363	0.9287593462609589	0.69518615	null
"GO:0009636"	"response to toxic substance"	1	5.620163132442645	1.0264457113410923	0.95131448412308	0.58345237	null
"GO:0009758"	"carbohydrate utilization"	1	2.710963118995276	0.001262674060111457	0.9739378129701017	0.62273587	null
"GO:0010124"	"phenylacetate catabolic process"	1	4.469306445431168	0.07252130313279526	0.6414988444771349	0.6262562	null
"GO:0010125"	"mycothiol biosynthetic process"	3	3.7746629225378223	0.014647511367881639	0.7525705982201417	0.41094703	null
"GO:0006154"	"adenosine catabolic process"	1	4.00039068924991	0.02463322026042	0.6249860271594757	0.74767654	10125
"GO:0009116"	"nucleoside metabolic process"	2	5.280778627725314	0.46984027936159006	0.6186509991936184	0.72028517	10125
"GO:0015689"	"molybdate ion transport"	1	4.413567971273289	0.06378596153564992	0.9746548323517846	0.67112523	null
"GO:0015744"	"succinate transport"	1	4.401813957739848	0.06208270529861848	0.975350861055482	0.49610477	null
"GO:0015833"	"peptide transport"	2	5.182890916676881	0.37502650261782117	0.9654648513660223	0.48662697	null
"GO:0015888"	"thiamine transport"	1	4.218640521413849	0.04071816174741488	0.9708149822579187	0.4079013	null
"GO:0015920"	"lipopolysaccharide transport"	1	4.504566002663273	0.07865499466846339	0.9699940503026525	0.43090606	null
"GO:0015937"	"coenzyme A biosynthetic process"	4	4.765161706371938	0.14332704326384063	0.5768139467173131	0.69270465	null
"GO:0015941"	"pantothenate catabolic process"	1	3.926342446625655	0.02077135749177502	0.6738348767572422	0.60465545	null
"GO:0015940"	"pantothenate biosynthetic process"	1	4.546542663478131	0.0866371622648405	0.6406712697579143	0.87606429	15941
"GO:0015942"	"formate metabolic process"	1	4.3958329201019835	0.061233538533046444	0.729466858860176	0.44142098	null
"GO:0015949"	"nucleobase-containing small molecule interconversion"	1	4.136213065513025	0.033678692328469914	0.7178088429465571	0.41256646	null
"GO:0015966"	"diadenosine tetraphosphate biosynthetic process"	1	2.8779469516291885	0.0018558601195400363	0.7000844263055938	0.44979589	null
"GO:0015990"	"electron transport coupled proton transport"	3	4.748908667832734	0.13806220931729404	0.9507380203648377	0.47673176	null
"GO:0016052"	"carbohydrate catabolic process"	2	5.8325740519931975	1.673968598354507	0.7923971228698411	0.55817152	null
"GO:0016226"	"iron-sulfur cluster assembly"	3	5.117211617504696	0.3223904699170736	0.9372176900879488	0.52384807	null
"GO:0016260"	"selenocysteine biosynthetic process"	1	4.120442306873306	0.032477552091950634	0.6560996761735032	0.68042927	null
"GO:0017000"	"antibiotic biosynthetic process"	3	4.696958914626985	0.12249661330141713	0.8586423584544643	0.18271397	null
"GO:0030649"	"aminoglycoside antibiotic catabolic process"	1	3.6388884247050757	0.010714269363869731	0.8131448313021254	0.79718581	17000
"GO:0017004"	"cytochrome complex assembly"	3	5.0572932568752815	0.2808428322276361	0.9356246670932262	0.51636577	null
"GO:0017038"	"protein import"	1	4.507059384802115	0.0791078836101018	0.9496549772435042	0.52231367	null
"GO:0018104"	"peptidoglycan-protein cross-linking"	2	4.312008007838723	0.05048481022796509	0.7167969043987549	0.68500802	null
"GO:0019265"	"glycine biosynthetic process, by transamination of glyoxylate"	1	4.041353202046975	0.027069959674670182	0.6584274304103429	0.6582657	null
"GO:0019264"	"glycine biosynthetic process from serine"	1	4.26979304386123	0.045808239634959697	0.6464127340238143	0.87979944	19265
"GO:0019284"	"L-methionine salvage from S-adenosylmethionine"	1	4.097222592519901	0.03078660261963763	0.6314433333750051	0.69124445	null
"GO:0019353"	"protoporphyrinogen IX biosynthetic process from glutamate"	1	3.991934549718948	0.0241581791422884	0.6591041024659562	0.69546858	null
"GO:0019379"	"sulfate assimilation, phosphoadenylyl sulfate reduction by phosphoadenylyl-sulfate reductase (thioredoxin)"	2	4.071955610302981	0.029046426088450886	0.864944234952076	0.42987822	null
"GO:0010134"	"sulfate assimilation via adenylyl sulfate reduction"	1	3.586137025230793	0.00948851559791358	0.8739065762394865	0.78322764	19379
"GO:0019433"	"triglyceride catabolic process"	1	4.251589557275781	0.043927765985982796	0.7698070535007238	0.55284634	null
"GO:0019521"	"D-gluconate metabolic process"	2	4.329275812236455	0.05253265587711273	0.7125580033475161	0.34250576	null
"GO:0052645"	"F420-0 metabolic process"	1	3.4220971631317103	0.006502894477221188	0.684891005319541	0.84746785	19521
"GO:0019622"	"3-(3-hydroxy)phenylpropionate catabolic process"	1	3.3573630306151427	0.005602039299831727	0.7072730565020615	0.6558166	null
"GO:0019628"	"urate catabolic process"	2	3.9146075677710805	0.020217553079445432	0.7272425516022921	0.46174894	null
"GO:0019631"	"quinate catabolic process"	1	3.9579901784068303	0.022341700669847357	0.6989483944592614	0.58164361	null
"GO:0019632"	"shikimate metabolic process"	1	4.1596574112477045	0.035546859212728384	0.7243078970008028	0.5668259	null
"GO:0019941"	"modification-dependent protein catabolic process"	3	5.716693490243442	1.2819366082487518	0.7705960811197633	0.36146872	null
"GO:0006515"	"protein quality control for misfolded or incompletely synthesized proteins"	2	4.790207730237464	0.15183594039016676	0.8058702878392443	0.7294484	19941
"GO:0010498"	"proteasomal protein catabolic process"	3	5.5433229006469125	0.8599942571713117	0.7781317170664185	0.86825921	19941
"GO:0030163"	"protein catabolic process"	2	5.896636981524518	1.9400383902141334	0.7654055568645856	0.77904845	19941
"GO:0051603"	"proteolysis involved in protein catabolic process"	1	5.85954056916535	1.7812048234050641	0.7641604503996104	0.92215275	19941
"GO:0030001"	"metal ion transport"	1	6.016606351619009	2.557289097373141	0.959860603840631	0.68284308	null
"GO:0030026"	"intracellular manganese ion homeostasis"	1	4.228939042456542	0.04169531886605864	0.9753190555043915	0.61469153	null
"GO:0030091"	"protein repair"	1	4.40679557266825	0.06279895900523141	0.8866918676053293	0.25752813	null
"GO:0030259"	"lipid glycosylation"	1	4.313192063634804	0.05062264599281157	0.7978597976953995	0.16763086	null
"GO:0006487"	"protein N-linked glycosylation"	1	5.088536518542557	0.30179140713135666	0.6989935201755865	0.70990819	30259
"GO:0030261"	"chromosome condensation"	1	4.691894480036592	0.1210764126529097	0.9480818905571896	0.63190518	null
"GO:0030388"	"fructose 1,6-bisphosphate metabolic process"	2	4.531197812010173	0.08362938896765493	0.7788791794426956	0.39438955	null
"GO:0031119"	"tRNA pseudouridine synthesis"	2	4.48753429415712	0.075629991900672	0.6949274895230388	0.49643652	null
"GO:0000455"	"enzyme-directed rRNA pseudouridine synthesis"	1	4.625816434004728	0.10398723916489053	0.6748080996961805	0.83556431	31119
"GO:1990481"	"mRNA pseudouridine synthesis"	1	4.3048565939970285	0.04966025699182994	0.7902944697996657	0.7938243	31119
"GO:0031125"	"rRNA 3'-end processing"	1	4.390970414162616	0.06055174376764513	0.6976727101268552	0.62984156	null
"GO:0031388"	"organic acid phosphorylation"	1	3.766933093837284	0.014389069308794498	0.7479379039894385	0.30613477	null
"GO:0032259"	"methylation"	24	6.033478038904545	2.6585910004764686	0.9287243093501625	0.06752757	null
"GO:0032784"	"regulation of DNA-templated transcription elongation"	1	4.868926432549143	0.1820096661268263	0.9751332058531484	0.36878809	null
"GO:0032787"	"monocarboxylic acid metabolic process"	1	6.126984864672973	3.2972997825985404	0.6496983044586722	0.49416209	null
"GO:0033194"	"response to hydroperoxide"	1	3.757471947765668	0.01407893883788993	0.9506738570494249	0.54339011	null
"GO:0033993"	"response to lipid"	1	5.0331462008952395	0.26565382321214337	0.9564532918410568	0.51588263	null
"GO:0035435"	"phosphate ion transmembrane transport"	3	4.745590015265257	0.1370112116103397	0.954197820845698	0.28439596	null
"GO:0035600"	"tRNA methylthiolation"	1	4.160978460120009	0.035655158742250614	0.7115155944083968	0.59931701	null
"GO:0042026"	"protein refolding"	3	4.8981709930144	0.19468809513975832	0.770162290778638	0.37888049	null
"GO:0042158"	"lipoprotein biosynthetic process"	1	4.8375631878223	0.16932877576095065	0.7859378758317261	0.32025995	null
"GO:0042245"	"RNA repair"	1	4.00702192557868	0.025012268613747807	0.817827863310892	0.29399678	null
"GO:0042254"	"ribosome biogenesis"	3	5.965342835560622	2.27256471155331	0.9207754015767847	0.39430826	null
"GO:0006364"	"rRNA processing"	2	5.790004224727385	1.5176702250774354	0.6166653593277875	0.8843483	42254
"GO:0031167"	"rRNA methylation"	1	5.1868942082741425	0.3784994716213636	0.6448768292390747	0.88989674	42254
"GO:0042274"	"ribosomal small subunit biogenesis"	1	5.378566861327505	0.5884897980120243	0.9283699798850599	0.79041983	42254
"GO:0070475"	"rRNA base methylation"	2	4.911077669883678	0.20056088326339563	0.6608460583046002	0.70530228	42254
"GO:0042256"	"cytosolic ribosome assembly"	1	4.347583686308583	0.05479463923236112	0.934029913695001	0.62426982	null
"GO:0000027"	"ribosomal large subunit assembly"	1	5.042996609308023	0.27174813310071255	0.9236649342653606	0.78140769	42256
"GO:0042593"	"glucose homeostasis"	1	4.502986698753511	0.07836947772699569	0.9743460528583896	0.60078642	null
"GO:0071333"	"cellular response to glucose stimulus"	1	3.9568404901592333	0.022282628199198868	0.9175038799276084	0.91765779	42593
"GO:0042594"	"response to starvation"	1	5.107647436650064	0.3153682299687344	0.9490064558330006	0.54530827	null
"GO:0043171"	"peptide catabolic process"	1	4.574991443977495	0.09250256632964673	0.802123401024688	0.39948749	null
"GO:0043043"	"peptide biosynthetic process"	1	4.9623788076383075	0.22570852628904622	0.8489794653871323	0.84119127	43171
"GO:0043200"	"response to amino acid"	1	4.768578908868907	0.14445926561793668	0.9584441444695372	0.49029147	null
"GO:0043335"	"protein unfolding"	1	4.2840244503226454	0.04733427846004567	0.9851909815372719	0.01388117	null
"GO:0043686"	"co-translational protein modification"	1	2.3654879848909	0.0005685725299917087	0.9054112098995425	0.17778789	null
"GO:0043936"	"asexual sporulation resulting in formation of a cellular spore"	1	1.8129133566428555	0.00015752658839597125	0.9944919912032895	0.44869937	null
"GO:0043937"	"regulation of sporulation"	1	4.3240971716876135	0.051909933582359895	0.9821254894848822	0.66672188	null
"GO:0044550"	"secondary metabolite biosynthetic process"	1	5.278154318435337	0.46700972347634995	0.8378948276129086	0.21153926	null
"GO:0009403"	"toxin biosynthetic process"	1	4.506613254304735	0.07902665896296013	0.8209923833004408	0.80324464	44550
"GO:0019290"	"siderophore biosynthetic process"	1	4.22411851110638	0.04123504586558916	0.8572860802421457	0.76354103	44550
"GO:0030638"	"polyketide metabolic process"	1	4.410996433516383	0.06340937453526581	0.9381004546493253	0.78935189	44550
"GO:0045454"	"cell redox homeostasis"	4	5.117264665155044	0.32242985156417253	0.9743037866852826	-0	null
"GO:0006879"	"intracellular iron ion homeostasis"	2	5.2105886991240284	0.399723718054777	0.9714133023634927	0.73731829	45454
"GO:0006885"	"regulation of pH"	1	4.8728086815567115	0.18364400448143453	0.9584701302661158	0.75180444	45454
"GO:0051453"	"regulation of intracellular pH"	1	4.789961258086234	0.15174979303713773	0.9524882894268711	0.76467751	45454
"GO:0045892"	"negative regulation of DNA-templated transcription"	11	5.754521101611824	1.3986022764265744	0.961425848561256	0.20909207	null
"GO:0031564"	"transcription antitermination"	2	4.506748493767075	0.079051272492397	0.9651064025699313	0.73744801	45892
"GO:0045727"	"positive regulation of translation"	1	4.732691230068507	0.13300166766507346	0.9665341207949413	0.77059212	45892
"GO:0045893"	"positive regulation of DNA-templated transcription"	3	5.793807839906026	1.531020603443994	0.9663221071750739	0.46174448	null
"GO:0046168"	"glycerol-3-phosphate catabolic process"	2	4.1906957924917325	0.038180506862473526	0.7271590720352894	0.37171496	null
"GO:0006072"	"glycerol-3-phosphate metabolic process"	1	4.663191909160893	0.11333299629207023	0.7668920467201121	0.9151587	46168
"GO:0046167"	"glycerol-3-phosphate biosynthetic process"	1	4.131073048034346	0.0332824145045363	0.7433529822318328	0.85334378	46168
"GO:0046359"	"butyrate catabolic process"	1	3.5281450782531065	0.008302143479056423	0.6881839336643979	0.40916647	null
"GO:0019543"	"propionate catabolic process"	1	4.091596620810058	0.030390324795704016	0.6636133039935855	0.89774191	46359
"GO:0019678"	"propionate metabolic process, methylmalonyl pathway"	1	3.868879446237088	0.018196782312678364	0.7170498594694124	0.79652053	46359
"GO:0046656"	"folic acid biosynthetic process"	4	4.565292794584015	0.09045964338638648	0.636314715848478	0.69147078	null
"GO:0006729"	"tetrahydrobiopterin biosynthetic process"	1	4.442526802021039	0.06818439924601867	0.7020330507024161	0.8246621	46656
"GO:0009423"	"chorismate biosynthetic process"	4	4.860888761921942	0.1786720715351867	0.6515605909229698	0.77628968	46656
"GO:0035999"	"tetrahydrofolate interconversion"	3	4.806614051463206	0.15768165363142353	0.7480599099998384	0.80466651	46656
"GO:0046654"	"tetrahydrofolate biosynthetic process"	4	4.749280144148331	0.13818035425859101	0.8213735593874039	0.89082378	46656
"GO:0046677"	"response to antibiotic"	2	5.115703683637	0.32127301568063965	0.9557938028069258	0.31728257	null
"GO:0050992"	"dimethylallyl diphosphate biosynthetic process"	1	4.151584339359896	0.03489213932970763	0.7318841667263835	0.42512189	null
"GO:0051083"	"'de novo' cotranslational protein folding"	1	4.135418905027852	0.03361715850487773	0.7964570588693942	0.61467383	null
"GO:0051156"	"glucose 6-phosphate metabolic process"	1	5.0823005563818535	0.2974889621857917	0.7575018885147973	0.43759104	null
"GO:0051258"	"protein polymerization"	1	4.848423141732414	0.1736164525888535	0.9379449150069694	0.59147964	null
"GO:0051301"	"cell division"	12	5.748023584395164	1.377833380287743	0.9804959401356691	0.02020389	null
"GO:0051470"	"ectoine transmembrane transport"	1	3.0269416279590295	0.002616418179139335	0.9613303181288423	0.33991833	null
"GO:0055070"	"copper ion homeostasis"	1	4.53378476429838	0.08412904361522339	0.9747642859816579	0.60411045	null
"GO:0055085"	"transmembrane transport"	9	6.721216453410256	12.953593503918547	0.9389438981753813	0.54364926	null
"GO:0061136"	"regulation of proteasomal protein catabolic process"	1	4.9919699430999955	0.2416236344229267	0.9712787230007063	0.32278817	null
"GO:0006417"	"regulation of translation"	1	5.750705826677294	1.3863693522964495	0.9651172926755355	0.70000973	61136
"GO:0017148"	"negative regulation of translation"	1	4.9381643389305525	0.21346821810009053	0.9610866109846162	0.77632624	61136
"GO:0065002"	"intracellular protein transmembrane transport"	3	5.038576452162797	0.26899634050967036	0.9405408015313245	0.01655073	null
"GO:0043952"	"protein transport by the Sec complex"	2	4.701127423330272	0.12367806271438692	0.9443212497561073	0.80831809	65002
"GO:0043953"	"protein transport by the Tat complex"	1	4.391058669254854	0.060564050532363564	0.9470981486939839	0.76501474	65002
"GO:0070478"	"nuclear-transcribed mRNA catabolic process, 3'-5' exonucleolytic nonsense-mediated decay"	1	3.7327956982893293	0.013301151307684823	0.7408008737431532	0.55341303	null
"GO:0070681"	"glutaminyl-tRNAGln biosynthesis via transamidation"	2	4.3560067248562	0.05586778911580867	0.7114335328546788	0.40804057	null
"GO:0070814"	"hydrogen sulfide biosynthetic process"	1	4.134495855834674	0.033545779269510814	0.8089500570478361	0.49615785	null
"GO:0070929"	"trans-translation"	1	3.963740618857884	0.02263952437603349	0.7932570412756867	0.68279995	null
"GO:0071322"	"cellular response to carbohydrate stimulus"	1	4.003934206173708	0.02483505120180234	0.9413090715069292	0.42881024	null
"GO:0009750"	"response to fructose"	1	3.616265405281708	0.010170310363314894	0.9593011588086245	0.86099262	71322
"GO:0071555"	"cell wall organization"	15	5.575150882122251	0.9253874821791894	0.9366470989126228	0.0191727	null
"GO:0009252"	"peptidoglycan biosynthetic process"	13	5.395560516915173	0.6119735664477425	0.6621174744647231	0.85978205	71555
"GO:0030203"	"glycosaminoglycan metabolic process"	1	5.602164209497939	0.9847750060044705	0.7994732999623341	0.92349526	71555
"GO:0042545"	"cell wall modification"	1	4.342600310415772	0.05416945558466461	0.9488066632255643	0.7147797	71555
"GO:0071770"	"DIM/DIP cell wall layer assembly"	1	4.253168325901442	0.04408775392732245	0.9389968679532267	0.67752888	null
"GO:0071897"	"DNA biosynthetic process"	1	5.4952986766316325	0.7699653505500705	0.672678332142883	0.64755141	null
"GO:0072344"	"rescue of stalled ribosome"	2	4.398547595734928	0.06161750959226163	0.7566961435241466	0.33740025	null
"GO:0006415"	"translational termination"	1	4.785522021186003	0.15020652474144594	0.7423955586123685	0.76023961	72344
"GO:0032790"	"ribosome disassembly"	1	4.774276029699728	0.14636681414929414	0.9442965130799397	0.91756241	72344
"GO:0090071"	"negative regulation of ribosome biogenesis"	1	4.0255106728525805	0.026100186614857485	0.9779723208901379	0.48072589	null
"GO:0097173"	"N-acetylmuramic acid catabolic process"	1	3.4987239707479048	0.007758184478501584	0.7268859144922115	0.2999684	null
"GO:0097510"	"base-excision repair, AP site formation via deaminated base removal"	1	4.01678271248684	0.025580841143739517	0.7926669001087223	0.56427047	null
"GO:0106300"	"protein-DNA covalent cross-linking repair"	1	4.064832219738574	0.028573846323262972	0.791176805003478	0.56960032	null
"GO:1900376"	"regulation of secondary metabolite biosynthetic process"	1	4.4017623021368255	0.062075321239787415	0.9784170296372329	0.28921468	null
"GO:1901135"	"carbohydrate derivative metabolic process"	2	6.429946135493561	6.623993042050591	0.921506496401452	0.0781002	null
"GO:1901137"	"carbohydrate derivative biosynthetic process"	1	6.247150517744046	4.348346716611784	0.7293377555552493	0.56943051	null
"GO:0019693"	"ribose phosphate metabolic process"	1	5.9265178785086015	2.078218744472724	0.7152674076909601	0.72325675	1901137
"GO:1903457"	"lactate catabolic process"	1	4.081599312732936	0.02969868461852795	0.6797035494632219	0.55977126	null
