gene	dominant_allele	dominant_count	dominant_frequency	dominant_proteins	cluster_representative	alternative_proteins	total_alleles	total_strains_with_gene
Strep_C100335	Strep_C100335A0	1	0.007142857142857143	D7BX01	A0A0F7MYS4	Q827W6,S5URH0,A0A5P9WU64	138	138
Strep_C100456	Strep_C100456A15	2	0.014285714285714285	A0A0F7VQ87	A0A1D8G4M5	A0A7H8ZRG7,A0A1V0UEE5,D7BQK5	137	139
Strep_C100687	Strep_C100687A17	5	0.03571428571428571	A0A5P2DLZ8	D7BQU5	A0A1S6J8I1,A0A5P9WKW7,A0A346C4Z6	105	140
Strep_C100853	Strep_C100853A19	2	0.014285714285714285	A0A0M4DGB4	A0A1Z1W823	A0A1V0U7E8,A0A7H8ZX18,D7CI94	138	140
Strep_C10107	Strep_C10107A0	1	0.007142857142857143	D7BYV1	A0A1Z1W786	Q828C6,S5VD85,A0A5J6HVJ7	140	140
Strep_C10124	Strep_C10124A23	2	0.014285714285714285	A0A1L6PLH0	A0A7R8NQY6	A0A3S8XQI3,A0A0N6W5F0,A0A1V0UE13	135	140
Strep_C101723	Strep_C101723A38	2	0.014285714285714285	A0A7H8ZR40	A0A1L7GH79	D7CAK1,Q82F81,S5VQS9	138	139
Strep_C102564	Strep_C102564A38	2	0.014285714285714285	A0A7H8ZUT3	A0A7G3UGW6	D7CHV2,Q82E61,S5UV33	138	139
Strep_C103276	Strep_C103276A17	2	0.014285714285714285	A0A3G4VU46	A0A5P2W8R0	A0A1V0UE33,A0A7H8ZPU8,A0A6N9VAI3	130	133
Strep_C103400	Strep_C103400A6	2	0.014285714285714285	A0A222STD6	A0A7G1P7U9	D7CGT5,Q829T8,S5USL5	139	140
Strep_C103413	Strep_C103413A24	2	0.014285714285714285	A0A5P9WZ78	A0A7R8NNW7	A0A1V0UBM9,A0A7H8ZV02,G2P055	139	138
Strep_C103467	Strep_C103467A15	2	0.014285714285714285	A0A0F7W6T6	N0CR62	A0A0F7MYT6,A0A3S8VJZ8,A0A1W5Z6Y3	132	140
Strep_C103468	Strep_C103468A15	2	0.014285714285714285	A0A0F7VPG7	N0CU99	A0A1W5XSY7,A0A1D7VT96,A0A516RCU3	136	139
Strep_C103739	Strep_C103739A44	6	0.04285714285714286	A0A291QGV6	A0A6I6WT02	A0A6G5RKI5,A0A7G1NKW5,A0A3G4W3H8	126	139
Strep_C103901	Strep_C103901A16	2	0.014285714285714285	A0A0F7N0Z2	B1W1Y0	A0A3G4VRX3,B4VFW4,A0A1V0U7B7	134	138
Strep_C103920	Strep_C103920A18	2	0.014285714285714285	A0A0G3UH71	N0CKQ1	A0A7H8ZXN0,A0A1V0U4W5,D7BRI8	134	136
Strep_C104126	Strep_C104126A22	2	0.014285714285714285	A0A1L6PL73	A0A3G4VW05	A0A1V0UDH6,A0A7H8ZS60,A0A6N9VA78	136	139
Strep_C104419	Strep_C104419A33	3	0.02142857142857143	A0A7G6XN80	S5UPU3	A0A1V0U848,A0A7H8ZWS9,A0A516R613	133	138
Strep_C105493	Strep_C105493A38	2	0.014285714285714285	A0A1V0U5Z2	A0A3Q9G3Z7	D7BY05,Q827B5,S5UQS6	137	138
Strep_C105624	Strep_C105624A38	2	0.014285714285714285	A0A1V0U7F6	A0A6C0PZ01	D7BSS1,Q828M5,S5VJD3	136	137
Strep_C105633	Strep_C105633A19	2	0.014285714285714285	A0A0F7W429	A0A7H8IWM7	A0A0F7MY26,A0A3S8VJA4,A0A3G4VQ48	154	140
Strep_C105932	Strep_C105932A63	3	0.02142857142857143	A0A5B7UTR1	A0A385D9P7	A0A0C5GDB3,A0A0F7VVJ3,A0A0F7N3W3	131	140
Strep_C105946	Strep_C105946A64	5	0.03571428571428571	A0A3S8WLT8	A0A1D8G5H2	A0A3Q8VSY8,A0A0N6ZIN3,A0A346C5I3	116	140
Strep_C10613	Strep_C10613A0	1	0.007142857142857143	D7C0N0	B1VTW9	Q82MJ1,S5VY88,A0A5P8KFD0	137	137
Strep_C106598	Strep_C106598A15	2	0.014285714285714285	A0A0C5FNX7	A0A7T1WU81	B4V384,A0A3G4VR27,A0A0U3KK94	136	140
Strep_C106692	Strep_C106692A0	1	0.007142857142857143	D7CEY1	A0A0F7N3G1	Q82AD3,S5V1D3,A0A5J6I069	140	140
Strep_C107183	Strep_C107183A0	1	0.007142857142857143	D7CHY3	A0A0M4DBV0	Q82E20,S5UV56,A0A5J6I3L2	140	140
Strep_C107591	Strep_C107591A16	2	0.014285714285714285	A0A3Q8UY20	G2P4E1	A0A1W5YUU0,A0A0M4DE64,A0A1V0UMZ3	133	138
Strep_C107608	Strep_C107608A24	3	0.02142857142857143	A0A5P9WMW0	L8F1N0	A0A1V0UCM4,A0A7H8ZRH2,D7C728	137	140
Strep_C107718	Strep_C107718A36	2	0.014285714285714285	A0A1U9P2C9	A0A1H4PKM5	A0A1V0UFE0,A0A7H8ZQC6,A0A5P9WKL7	137	140
Strep_C107785	Strep_C107785A18	3	0.02142857142857143	A0A2K9F3X1	A0A1D8FYI8	A0A7H0NRS0,B1W1W4,A0A1V0U7C9	147	140
Strep_C107881	Strep_C107881A106	3	0.02142857142857143	A0A5B7V1Z4	A0A5P2D0Z8	A0A5P2BHC6,N0D3Z2,A0A6N9UYQ9	228	140
Strep_C108084	Strep_C108084A6	3	0.02142857142857143	G2P0N4	N0CN02	A0A3S8VL20,A0A0F7N493,B4VFV8	131	136
Strep_C108309	Strep_C108309A37	2	0.014285714285714285	A0A1V0U7Y4	A0A387HHY7	D7CF03,Q82AA9,A0A089X7S2	133	134
Strep_C10831	Strep_C10831A9	2	0.014285714285714285	A0A6N9VI97	A0A2S1SS76	D7BWE1,Q827E7,S5UZ59	136	137
Strep_C108570	Strep_C108570A25	2	0.014285714285714285	A0A3Q8VX91	C9ZFJ8	A0A1D7VUI3,A0A1W5XRR7,A0A1U9QW59	139	140
Strep_C108692	Strep_C108692A0	1	0.007142857142857143	D7BWE6	A0A1Z2LAD9	Q827E2,S5UZ52,A0A7L4XVT8	131	131
Strep_C109077	Strep_C109077A22	2	0.014285714285714285	A0A1L6PQ84	A0A0F7W5T4	A0A0N6ZPR5,A0A5P9WS63,N0CSL5	135	138
Strep_C10922	Strep_C10922A0	1	0.007142857142857143	D7BQ93	A0A1Z1WJ22	Q82IV7,S5VMH0,A0A5J6I5P9	137	136
Strep_C109270	Strep_C109270A4	4	0.02857142857142857	A0A0U2SST2	A0A3S8Y6Q4	A0A6N9VJ12,A0A7R8NIN2,A0A0F7N382	131	139
Strep_C109302	Strep_C109302A18	2	0.014285714285714285	A0A0G3UQT5	A0A516RE58	D7CC94,Q82JT7,S5UXQ1	136	137
Strep_C109917	Strep_C109917A101	2	0.014285714285714285	A0A5P2CDL4	A0A7H1Q7C8	A0A0G3UH42,A0A3G4VTV5,A0A291Q5D0	154	140
Strep_C110113	Strep_C110113A23	6	0.04285714285714286	A0A7G1NCG0	A0A1H4P217	A0A1L6PMM9,A0A0U3BWV5,A0A7H0NNG8	106	140
Strep_C111094	Strep_C111094A16	2	0.014285714285714285	A0A3S8VLR7	A0A291Q5W1	A0A1V0U833,A0A7H8ZY06,G2P6Q0	136	139
Strep_C11146	Strep_C11146A38	2	0.014285714285714285	A0A1V0UHY9	A0A0F7G046	D7C8L8,Q82KI0,S5VWK3	139	140
Strep_C111553	Strep_C111553A65	3	0.02142857142857143	A0A5B7UV13	A0A1Z2L2I9	A0A6G9FIQ4,A0A0M4DD88,A0A7H8ZU40	136	140
Strep_C111866	Strep_C111866A22	2	0.014285714285714285	A0A1L6PQS4	A0A7T1TAU1	D7BR14,Q828Y9,S5V0A8	139	140
Strep_C112012	Strep_C112012A0	1	0.007142857142857143	D7C594	A0A1B1M968	Q82BY2,S5UUH0,A0A5J6I3V3	140	140
Strep_C112047	Strep_C112047A17	2	0.014285714285714285	A0A0F7NCA5	A0A1W7CSM6	A0A0M4DSM9,A0A1W5YUV7,A0A1H4W2R7	146	140
Strep_C112392	Strep_C112392A14	2	0.014285714285714285	A0A0C5FTM9	D7BY04	A0A3G4W1L8,B4VCP9,A0A0M3QNX8	130	136
Strep_C112608	Strep_C112608A0	1	0.007142857142857143	D7BQL1	A0A3Q8V2Q0	Q82DX3,A0A089X7N3,A0A7L4Y331	135	135
Strep_C112721	Strep_C112721A6	3	0.02142857142857143	A0A1H4NVS0	A0A6I6W6T3	D7BXQ7,Q82D21,S5UVM8	137	139
Strep_C112870	Strep_C112870A38	2	0.014285714285714285	A0A7H8ZSD3	A0A8B1NFL8	D7CGE0,Q82EE6,S5V6Y3	139	140
Strep_C113294	Strep_C113294A18	2	0.014285714285714285	A0A3G4VPQ3	A0A7T1WT39	A0A6G9FQE0,A0A0M5IZG0,A0A1D7VJD0	131	139
Strep_C113384	Strep_C113384A0	1	0.007142857142857143	Q82DS0	A0A0K2AXE1	G2ND30,A0A0A8EN23,A0A6I6FDM8	132	131
Strep_C113570	Strep_C113570A16	3	0.02142857142857143	A0A0F7N8Q9	A0A3Q8W8E5	A0A3G4W106,A0A0G3UPX3,A0A0K2AYH4	129	139
Strep_C113817	Strep_C113817A64	3	0.02142857142857143	A0A5B7V1V4	A0A8B1NJA1	A0A0C5G7Q6,A0A0F7VVT1,A0A0G3URC7	134	139
Strep_C114127	Strep_C114127A0	1	0.007142857142857143	Q82KY3	A0A5P9WHD9	G2NMJ3,A0A0A8EMW1,A0A6N9VDU9	118	118
Strep_C114330	Strep_C114330A38	2	0.014285714285714285	A0A1V0UCK2	A0A0F7N4C6	A0A222SY84,A0A1H4QZS6,N0CY11	137	140
Strep_C11456	Strep_C11456A9	2	0.014285714285714285	N0CV82	A0A5P2W1Y8	D7C375,Q82G29,S5VQ22	138	139
Strep_C115101	Strep_C115101A24	2	0.014285714285714285	A0A0N6ZHH6	A0A6I6WY01	D7CFW0,Q82JB5,S5V9V2	134	135
Strep_C115299	Strep_C115299A38	2	0.014285714285714285	A0A222SUL4	A0A143BZ55	D7C3N2,Q82C76,A0A089X5E2	124	125
Strep_C115421	Strep_C115421A0	12	0.08571428571428572	L8EX44	A0A2Z5K756	N0CR26,A0A7H0NJY8,A0A7R8NQ69	62	139
Strep_C115442	Strep_C115442A22	2	0.014285714285714285	A0A0U3LMB0	A0A2K9EYV2	D7CF09,Q82AA2,S5UPK0	139	140
Strep_C115452	Strep_C115452A16	3	0.02142857142857143	A0A3S8VTM8	A0A5B7UXN4	A0A1H4S6I2,A0A222TCD9,G2PA68	133	138
Strep_C115745	Strep_C115745A18	2	0.014285714285714285	A0A3G4W1C8	A0A8A1UF64	A0A5P2CB57,D7BZX2,Q79Z28	135	137
Strep_C115910	Strep_C115910A0	1	0.007142857142857143	D7CCW4	A0A1D8FZN8	Q82AX0,A0A221NW32,A0A6I6FU94	135	132
Strep_C11600	Strep_C11600A0	1	0.007142857142857143	D7BQD0	A0A1V0TX93	Q82IR1,S5UWT2,A0A5J6I9V6	139	139
Strep_C116099	Strep_C116099A101	2	0.014285714285714285	A0A1X4H4H2	A0A7L5SNS5	A0A0C5FT92,A0A0F7W051,A0A3Q8ULQ4	131	139
Strep_C116194	Strep_C116194A32	4	0.02857142857142857	A0A5P2DHR6	C9YVD2	G2P6K6,A0A222SSX8,A0A1H4LT56	130	140
Strep_C116517	Strep_C116517A21	2	0.014285714285714285	A0A1W5ZA16	A0A6I6WNR0	A0A1V0UAG8,A0A7H8ZTJ8,A0A5B7UU02	137	140
Strep_C116619	Strep_C116619A6	3	0.02142857142857143	G2PA04	A0A7R8NPZ2	A0A3S8VS89,A0A0F7N8I6,A0A1V0UCC1	135	139
Strep_C117078	Strep_C117078A38	2	0.014285714285714285	A0A1V0UHJ8	D7CA71	A0A516REM1,Q82KF0,S5VNU6	134	136
Strep_C117214	Strep_C117214A15	2	0.014285714285714285	A0A0C5GAI8	A0A2S1SSG1	D7BWW2,Q827T1,S5URE4	138	139
Strep_C117957	Strep_C117957A17	2	0.014285714285714285	A0A3G4VYH2	A0A7H1BA56	A0A1W5Z2C1,A0A0M4DPM3,N0CP72	128	131
Strep_C118532	Strep_C118532A19	2	0.014285714285714285	A0A6G9FE56	A0A1Z2L0D5	A0A0M4DUI9,A0A1W5YX58,A0A1L6PG54	133	140
Strep_C119741	Strep_C119741A16	3	0.02142857142857143	A0A2K9FES6	A0A8A1UKV4	A0A5B7UQV4,A0A516R6B1,A0A0F7VV33	130	140
Strep_C119862	Strep_C119862A86	3	0.02142857142857143	A0A5P2BV39	A0A2K8PB57	A0A3G4VZT7,B4V8N3,A0A1V0UHP6	134	140
Strep_C119986	Strep_C119986A0	1	0.007142857142857143	D7BS51	A0A5B8JLH5	Q82DK4,S5UZS1,A0A5J6I932	140	140
Strep_C120197	Strep_C120197A53	5	0.03571428571428571	A0A6M4PGP4	A0A0A8EIL1	A0A7H8ZNR8,A0A1W5YX06,A0A1V0UH54	118	140
Strep_C121610	Strep_C121610A5	3	0.02142857142857143	A0A1H4TH08	A0A291QFJ2	A0A3G4VYG4,B4V153,A0A0M4D9G4	125	133
Strep_C121614	Strep_C121614A6	5	0.03571428571428571	A0A222SRN3	A0A2K8PPA3	A0A0M4DU49,A0A1W5Z6V6,A0A7H0NS82	114	140
Strep_C122129	Strep_C122129A10	2	0.014285714285714285	A0A6N9VQ58	A0A0F7FR93	A0A0C5FVI5,A0A0F7W5L6,A0A0U2STP6	133	138
Strep_C122147	Strep_C122147A16	2	0.014285714285714285	A0A0F7NBU4	A0A5B7UZ88	B4V2K2,A0A3G4VYJ2,A0A0M3QI79	132	140
Strep_C122397	Strep_C122397A15	2	0.014285714285714285	A0A0C5FNC5	Q829A6	A0A7H8ZZA7,A0A1V0U7K2,A0A6N9VCD3	135	138
Strep_C122458	Strep_C122458A0	1	0.007142857142857143	D7CID4	A0A0F7N2P2	Q829D4,S5UNQ2,A0A7L4XX14	135	135
Strep_C122767	Strep_C122767A38	2	0.014285714285714285	A0A7H8ZNW4	A0A6C0Q7X5	D7BQ97,Q82IV0,S5VMG3	139	140
Strep_C122806	Strep_C122806A0	1	0.007142857142857143	D7CA73	A0A7H8K0W3	Q82KE5,A0A089XIE4,A0A7L4Y664	134	134
Strep_C122946	Strep_C122946A15	2	0.014285714285714285	A0A0C5G029	A0A0F7NC61	A0A3Q8USI7,A0A3G4W0E9,B4V4Z9	128	140
Strep_C123169	Strep_C123169A17	3	0.02142857142857143	A0A3G4VUL0	A0A5R9LVA1	A0A1L7GES4,A0A7G6XLM0,A0A1U9NYC5	123	140
Strep_C123344	Strep_C123344A17	10	0.07142857142857142	A0A6G9H1Y7	Q82DB9	A0A5P2BB96,A0A1Z1WC02,A0A5J6HDU6	79	140
Strep_C123881	Strep_C123881A122	5	0.03571428571428571	A0A5J6GNK1	A0A0A8ERG0	A0A5P2CME9,A0A3Q8V1X3,A0A3G4VVB1	353	140
Strep_C123975	Strep_C123975A15	2	0.014285714285714285	A0A0F7VU99	A0A1Z2L176	A0A0M4DR08,A0A6G9FF63,A0A6H0CSH2	134	140
Strep_C124051	Strep_C124051A15	2	0.014285714285714285	A0A0C5FXI9	A0A5B7UNN4	A0A6G9FP58,A0A0M4DP98,D7BWZ7	133	135
Strep_C124325	Strep_C124325A18	2	0.014285714285714285	A0A0G3UPY8	A0A0A8EPJ5	A0A1V0UGH9,A0A7H8ZPE8,N0CVG5	132	135
Strep_C124761	Strep_C124761A3	11	0.07857142857142857	A0A6N9VBE4	D7C351	A0A5J6GK44,A0A3Q8V1L1,A0A291QBA7	76	139
Strep_C125292	Strep_C125292A16	2	0.014285714285714285	A0A3S8VUY8	B1W1G9	D7BQG1,Q82IM9,S5V102	138	139
Strep_C125584	Strep_C125584A21	2	0.014285714285714285	A0A1W5YWZ8	A0A5R9LVT4	A0A3Q8VZ94,A0A0N6ZJX5,A0A222T2V1	135	138
Strep_C12561	Strep_C12561A38	2	0.014285714285714285	A0A1V0UHV5	A0A0A8EIB7	D7CAD2,Q82K80,S5VAM6	139	140
Strep_C126548	Strep_C126548A15	2	0.014285714285714285	A0A0C5FZB8	A0A3G4VQ25	A0A3S8VKI7,A0A0F7MZ10,A0A6G9FQ16	131	140
Strep_C126585	Strep_C126585A18	2	0.014285714285714285	A0A0N6ZJJ5	A0A516REN2	A0A1V0UHT7,A0A7H8ZLF3,Q82KF2	112	114
Strep_C127500	Strep_C127500A18	3	0.02142857142857143	A0A0G3UJZ2	A0A2R4JM05	A0A0M4DQX7,A0A1W5Z4A2,A0A3S8XUD8	130	140
Strep_C127793	Strep_C127793A15	2	0.014285714285714285	A0A0C5G0A9	A0A7R8RMV3	D7CGQ9,Q829X5,S5VE94	139	140
Strep_C127807	Strep_C127807A17	2	0.014285714285714285	A0A0G3ULS8	D7C333	A0A6G9FI41,A0A0M5INL9,A0A1W5Z095	125	130
Strep_C127897	Strep_C127897A16	3	0.02142857142857143	A0A2K9EWA2	A0A0M4DTP9	A0A0U2SZ59,A0A1L6PK41,A0A0N6ZUK0	131	140
Strep_C128174	Strep_C128174A0	1	0.007142857142857143	D7CGN1	A0A5J6JH32	Q82A24,S5VKD6,A0A5P9WSZ7	137	137
Strep_C128328	Strep_C128328A14	2	0.014285714285714285	A0A0F7N5I9	D7BVV3	A0A1W5Z3I8,A0A0M4E7D5,A0A1U9QW76	127	132
Strep_C128987	Strep_C128987A29	8	0.05714285714285714	A0A2K8PE78	A0A1Z2L590	C9YW78,A0A1X4GTC6,A0A5P8KB59	101	140
Strep_C129415	Strep_C129415A32	4	0.02857142857142857	A0A1V0UEH9	A0A0F7N2W9	A0A1W5YZQ8,A0A0M4E596,A0A1H4SIJ3	133	140
Strep_C130297	Strep_C130297A16	2	0.014285714285714285	A0A3S8VSC3	A0A7G1NJP7	A0A1P8THY1,A0A5P2BCZ9,D7CCR3	136	138
Strep_C130318	Strep_C130318A18	2	0.014285714285714285	A0A3G4VTE9	A0A7T1WV03	A0A1D7VFC1,A0A1W5XNW5,A0A6N9VDV1	137	140
Strep_C130339	Strep_C130339A17	2	0.014285714285714285	A0A0F7NBR8	D7CG01	B4V2K1,A0A3G4VYI7,A0A6G9FH05	137	140
Strep_C130373	Strep_C130373A15	2	0.014285714285714285	A0A0F7N1R4	C9Z7L2	A0A7H9A016,A0A1V0UM34,A0A516R448	132	135
Strep_C131558	Strep_C131558A0	1	0.007142857142857143	D7BXR2	A0A2K8PID9	Q82D15,S5V3Y4,A0A5J6I0Y1	140	140
Strep_C131893	Strep_C131893A65	2	0.014285714285714285	A0A516R3X0	C9Z9B4	A0A7G6XQ71,A0A5P2DEW5,D7BRF3	135	133
Strep_C131955	Strep_C131955A16	2	0.014285714285714285	A0A0F7N5A4	A0A0M5J2Y3	A0A7G6XLW2,A0A1U9NXE6,A0A5P2BA42	136	139
Strep_C132229	Strep_C132229A18	2	0.014285714285714285	A0A3G4W3A0	A0A7L4Y814	A0A1W5YUX0,A0A0M4DP33,A0A6N9V7B5	137	139
Strep_C132365	Strep_C132365A86	2	0.014285714285714285	A0A5P2C296	D7C3I7	Q82CC9,S5VGB9,A0A5P8K3K4	136	137
Strep_C132396	Strep_C132396A23	5	0.03571428571428571	A0A5P9WX42	G2P1D9	A0A2K8PIT7,A0A1V0R172,A0A1U9P0N4	115	140
Strep_C132785	Strep_C132785A19	2	0.014285714285714285	B4V687	A0A6I6W933	D7BWX3,Q820F4,S5URF0	139	139
Strep_C132846	Strep_C132846A23	3	0.02142857142857143	A0A5J6HWZ2	A0A7H8JMJ3	A0A1L6PQ14,A0A0U3LDC3,B1W0M1	122	140
Strep_C132877	Strep_C132877A109	2	0.014285714285714285	A0A5P2C8J5	A0A7G1N9A9	N0CSC4,A0A6N9V5V9,A0A0F7NGZ4	169	140
Strep_C134009	Strep_C134009A0	1	0.007142857142857143	D7C318	A0A0F7VSD2	Q82GF2,A0A0B5I7M9,A0A7H8TS07	120	120
Strep_C134332	Strep_C134332A15	2	0.014285714285714285	A0A3Q8UMZ0	A0A7L7MFB9	B1W467,A0A7H0NSQ7,A0A7H8ZYN5	132	138
Strep_C134372	Strep_C134372A30	5	0.03571428571428571	A0A7G6XPT8	A0A7T1WUQ0	A0A3G4VRI0,A0A5P2DLI5,A0A1V0R725	109	140
Strep_C134468	Strep_C134468A38	2	0.014285714285714285	A0A7H8ZSF3	A0A0F7N6U2	A0A3S8Y9R0,A0A2K8PH11,A0A516RB79	136	139
Strep_C134627	Strep_C134627A4	4	0.02857142857142857	A0A0U3CYD6	A0A2K9FL61	A0A1P8TM82,A0A5P2C2B6,B4V3J1	117	140
Strep_C134628	Strep_C134628A6	3	0.02142857142857143	A0A1H4LET1	A0A2K9EZB7	A0A3G4VQK6,A0A0G3UIN1,A0A0M4DGA6	131	138
Strep_C134829	Strep_C134829A4	5	0.03571428571428571	A0A7H8ZRX4	A0A7L7M9U0	A0A1V0R2M1,A0A3G4VUM8,B4VBM0	115	140
Strep_C13519	Strep_C13519A0	1	0.007142857142857143	D7BYZ4	A0A7G1NXI4	D7C6L2,G2PCU4,A0A2K9F3J1	226	140
Strep_C136212	Strep_C136212A62	3	0.02142857142857143	A0A516RBV7	A0A3Q8USU1	A0A1D7YNN6,A0A089XFN2,A0A3G4W0B7	126	140
Strep_C136409	Strep_C136409A0	131	0.9357142857142857	A0A5J6J7N7	D7BS70	A0A2K9F462,A0A0F7N8K3,A0A3Q8USN1	6	140
Strep_C136760	Strep_C136760A16	3	0.02142857142857143	A0A2K9F5Y7	A0A5P2DAV2	B4V8Q6,A0A3G4W1M8,A0A1W5YWL3	128	140
Strep_C136822	Strep_C136822A58	3	0.02142857142857143	A0A3S8XXC9	A0A6C0PY98	A0A516R4D5,A0A5B7UPG7,A0A7L4YY05	128	140
Strep_C136962	Strep_C136962A13	8	0.05714285714285714	A0A7M2SIU5	C9YW61	A0A5B8IM24,A0A6G9FG42,A0A1Z1WH54	76	140
Strep_C136976	Strep_C136976A15	2	0.014285714285714285	A0A0F7VWU5	G2P305	A0A3G4VRJ1,A0A0G3UKB6,A0A6N9VJQ8	137	140
Strep_C137603	Strep_C137603A4	12	0.08571428571428572	A0A5J6F7U0	A0A1Z1WJU6	A0A516RE07,A0A3Q8V585,A0A4Q2GH08	191	140
Strep_C13804	Strep_C13804A0	1	0.007142857142857143	D7CA68	A0A5P2WFI5	Q82KF3,S5VWI4,A0A5J6I771	140	140
Strep_C138143	Strep_C138143A15	2	0.014285714285714285	A0A0C5FZE2	A0A1Z2L2T9	B4VBQ0,A0A3G4VUF9,A0A7H8ZT26	135	140
Strep_C138505	Strep_C138505A19	3	0.02142857142857143	A0A5P9WLQ9	D7C519	A0A5J6HLC4,A0A5J6GEN0,A0A291QCF3	125	140
Strep_C13899	Strep_C13899A38	2	0.014285714285714285	A0A7H8ZJV2	A0A0A8F049	D7BYQ3,Q826H9,S5VCX6	137	138
Strep_C139059	Strep_C139059A38	2	0.014285714285714285	A0A7H8ZU10	J1S3Z8	D7BVN2,Q82DG0,S5VHJ7	135	136
Strep_C139605	Strep_C139605A16	3	0.02142857142857143	A0A0F7N506	A0A0M4DM13	A0A3S8XUC5,A0A0N6W5U6,A0A191UXZ0	119	139
Strep_C13998	Strep_C13998A0	1	0.007142857142857143	D7C0P1	I2N9J1	Q82MI0,A0A089XI02,A0A5J6IAR0	139	134
Strep_C140113	Strep_C140113A24	7	0.05	A0A514JU00	A0A0A8EQ38	A0A7L4Y317,A0A0K2AWM8,A0A191V1U3	98	139
Strep_C140766	Strep_C140766A16	2	0.014285714285714285	A0A3Q8UTY3	A0A1Z1WJ32	B4V2L9,A0A3G4VYN1,A0A0M3QLV7	136	140
Strep_C141137	Strep_C141137A6	3	0.02142857142857143	A0A1H4SW70	A0A7G1P3K6	A0A0C5G1I2,A0A0F7W1D5,A0A0F7N2M7	125	138
Strep_C141184	Strep_C141184A18	2	0.014285714285714285	A0A3G4VVB6	G2PB42	A0A0N6ZKR5,A0A3Q8VX25,A0A1V0UCV8	135	140
Strep_C14188	Strep_C14188A0	1	0.007142857142857143	D7BQN0	A0A1D8G4P3	Q82DU1,N0CWI4,A0A5P2BEA0	157	140
Strep_C142295	Strep_C142295A28	3	0.02142857142857143	A0A346BZ89	S5UQH5	A0A7L4YYW0,A0A1X4GN57,A0A6N9VGY0	138	137
Strep_C142801	Strep_C142801A4	7	0.05	B1W3Z5	A0A0F7N9W1	A0A3Q8VWR8,A0A0K2AWR6,A0A1S6J8H3	98	140
Strep_C143099	Strep_C143099A63	3	0.02142857142857143	A0A5B7UZH0	A0A6I6WTS9	A0A0C5FUT9,A0A0F7VW38,A0A1V0QYV3	133	140
Strep_C143622	Strep_C143622A24	4	0.02857142857142857	A0A0N6ZLD9	A0A6C0Q5N4	A0A1W5Z1B5,A0A1L6PKL6,A0A0M5IU55	122	134
Strep_C144080	Strep_C144080A43	3	0.02142857142857143	A0A291Q3W2	A0A5P2UVC9	Q827R5,A0A5Q0LKA0,A0A426S6M7	121	140
Strep_C144639	Strep_C144639A22	3	0.02142857142857143	A0A1L6PDZ3	A0A7L4Z896	A0A2K8P9V1,A0A5J6J3W7,A0A3G4W165	125	137
Strep_C144887	Strep_C144887A16	3	0.02142857142857143	A0A3Q8UT42	A0A1U9QS61	A0A6N9VDG1,B1W444,A0A7H0NIT8	123	140
Strep_C145495	Strep_C145495A34	3	0.02142857142857143	A0A1V0QY59	A0A387HBS8	A0A7H0NG10,A0A1V0UHH3,A0A7H8ZLT0	125	137
Strep_C145724	Strep_C145724A22	2	0.014285714285714285	A0A0U3B8C7	C9Z7D9	A0A7H8ZWP9,A0A1V0U952,N0CQG1	137	140
Strep_C146161	Strep_C146161A40	6	0.04285714285714286	A0A291Q3W3	A0A7L7MG54	A0A7G1NA75,A0A6G5R953,A0A143BVX2	110	139
Strep_C146232	Strep_C146232A21	4	0.02857142857142857	A0A0M4DNR4	C9Z0Z4	A0A346C0T4,A0A0N6ZNQ4,A0A5P9WQI3	124	140
Strep_C146372	Strep_C146372A37	2	0.014285714285714285	A0A1V0UDL8	A0A1Z2L2Z1	D7CGD9,Q82EE7,S5UUX1	133	134
Strep_C147172	Strep_C147172A15	2	0.014285714285714285	A0A0F7VQL3	A0A7G1P1M8	A0A0F7N775,A0A3S8VRC6,A0A1V0UC82	133	138
Strep_C147269	Strep_C147269A62	2	0.014285714285714285	A0A3Q8UNB8	A0A0C5FNY3	D7CF02,Q82AB0,S5UT22	138	139
Strep_C147284	Strep_C147284A4	4	0.02857142857142857	B1VYY6	A0A0K2AZU4	A0A0M3QLR4,A0A1W5YX80,A0A2Z5K8N7	133	140
Strep_C147494	Strep_C147494A15	4	0.02857142857142857	A0A0C5G592	A0A5R9M692	A0A2N9B8N0,A0A7L4Z3I6,A0A1X4GTG0	126	140
Strep_C148114	Strep_C148114A15	2	0.014285714285714285	A0A0F7VX91	A0A7L4Z6D4	A0A0F7N641,A0A3Q8URK3,A0A0M4DTE8	133	140
Strep_C148254	Strep_C148254A21	3	0.02142857142857143	A0A1V0UCJ0	C9Z5I2	B4V8V8,A0A3G4VVM0,A0A6G9FH49	124	132
Strep_C148440	Strep_C148440A15	2	0.014285714285714285	A0A3Q8URI2	A0A291QBU1	A0A0U3D304,A0A1L6PKE5,A0A7H8ZR98	128	133
Strep_C148765	Strep_C148765A4	6	0.04285714285714286	A0A0U3D562	D7BQV7	A0A0C5FTG4,A0A0F7VRJ6,A0A3Q8USU0	123	140
Strep_C14913	Strep_C14913A0	1	0.007142857142857143	D7CGQ4	A0A1L7GCU0	Q829Y6,S5VEB3,A0A5P9WUW6	139	139
Strep_C149601	Strep_C149601A24	4	0.02857142857142857	A0A5P9WQI6	A0A5P2UN07	A0A6G5RD99,Q82CS5,A0A3Q8UPU2	128	139
Strep_C149797	Strep_C149797A104	2	0.014285714285714285	A0A1X4GNE5	N0CTL5	A0A1W5XME3,A0A1D7VGZ0,A0A2N9BFJ4	135	138
Strep_C150602	Strep_C150602A24	3	0.02142857142857143	A0A3S8XUX8	A0A494UMZ0	A0A1W5XME8,A0A1D7VH02,B4V441	129	140
Strep_C150739	Strep_C150739A31	3	0.02142857142857143	A0A3S8YCE7	A0A7G7BJP4	A0A1U9P186,A0A5P2DPD5,A0A1V0R0G9	124	131
Strep_C151306	Strep_C151306A18	2	0.014285714285714285	A0A3G4VS17	A0A7R8NLK8	A0A7H8ZZ91,A0A1V0U714,N0CJ58	130	133
Strep_C151873	Strep_C151873A38	2	0.014285714285714285	A0A7H8ZPF1	D7BQQ5	A0A2N9B8V1,A0A2Z5K5F8,A0A3Q8VTY1	137	140
Strep_C151892	Strep_C151892A18	6	0.04285714285714286	A0A0G3UK56	G2N9B4	A0A0N6ZUA9,A0A3S8XXD6,A0A5P9WTM2	107	136
Strep_C152220	Strep_C152220A4	8	0.05714285714285714	A0A0U3KP12	A0A3G4VW36	A0A2R4JI71,A0A1S6JJW6,A0A0U3ESU5	99	140
Strep_C152669	Strep_C152669A16	2	0.014285714285714285	A0A0F7N885	A0A2Z4J2S4	A0A0M4DTS8,A0A6G9FTR6,A0A3Q8VUT2	134	140
Strep_C152844	Strep_C152844A21	2	0.014285714285714285	A0A0M4DVJ3	A0A5P2USI4	A0A3Q8VVP8,A0A0N6ZPF3,A0A0U3LP75	130	135
Strep_C153301	Strep_C153301A18	2	0.014285714285714285	A0A3G4W1N9	A0A3S9ZR45	A0A1V0U5P7,A0A7H9A2F8,D7BY53	134	136
Strep_C153745	Strep_C153745A17	8	0.05714285714285714	A0A5P2DL92	A0A345HJG6	A0A0U3LPZ6,B1W4A5,A0A7H8ZZP0	122	140
Strep_C154092	Strep_C154092A33	3	0.02142857142857143	A0A1U9NWZ3	G2P7G7	A0A5P2DHS4,A0A2K8PLS9,A0A1V0R4M2	126	136
Strep_C154912	Strep_C154912A15	2	0.014285714285714285	A0A0F7VQR4	A0A5R9M7H6	B4V1M7,A0A3G4VXF4,A0A2S2GBK1	130	140
Strep_C154959	Strep_C154959A16	2	0.014285714285714285	A0A0F7NDF5	A0A5P8JZM1	A0A0U3M7W1,A0A1L6PRI2,A0A1L7GBN1	133	138
Strep_C155463	Strep_C155463A23	3	0.02142857142857143	A0A0N6ZH47	A0A3S8VWA4	A0A1L7GK65,A0A7G6XFN0,A0A1U9P3H6	124	139
Strep_C155534	Strep_C155534A4	3	0.02142857142857143	A0A7H0NPQ2	A0A7L4Y1G5	A0A0F7W516,A0A0C5GCJ9,A0A0F7N317	130	140
Strep_C155583	Strep_C155583A18	2	0.014285714285714285	A0A3G4W0U9	A0A7H8NDC2	A0A0U3M301,A0A1L6PUG4,A0A1V0UGG4	136	140
Strep_C15586	Strep_C15586A0	1	0.007142857142857143	D7C6J5	A0A0B5IBL1	Q82KX8,S5VBC6,A0A5J6IB35	139	139
Strep_C15602	Strep_C15602A0	1	0.007142857142857143	Q82LU8	A0A1D8G993	G2NMS9,A0A089XBT2,A0A5P8KE22	136	136
Strep_C156302	Strep_C156302A33	3	0.02142857142857143	A0A344TVG8	B4VAR5	N0CX75,A0A7R8NWM6,A0A6N9UZE5	128	140
Strep_C15631	Strep_C15631A38	2	0.014285714285714285	A0A7H8ZSF5	A0A0K2AW09	A0A516RB87,D7CGD7,Q82EE9	136	138
Strep_C15660	Strep_C15660A15	2	0.014285714285714285	A0A0F7VVF6	A0A5R9M6D8	A0A7G6XHW9,A0A1L7GI11,D7BQS2	138	140
Strep_C156708	Strep_C156708A16	2	0.014285714285714285	A0A3Q8URK5	A0A7L7M9Z5	A0A0M4D6B4,A0A6G9FH20,A0A1D7VE30	135	140
Strep_C15680	Strep_C15680A19	2	0.014285714285714285	A0A3G4W1K0	D7C8M8	A0A7H8ZMD4,A0A1V0UI21,D7C7T1	140	139
Strep_C156853	Strep_C156853A42	17	0.12142857142857143	A0A191V9V3	A0A0K2AZ91	B1VZ14,A0A1V0UMU9,A0A0M4EBU4	148	139
Strep_C157036	Strep_C157036A17	3	0.02142857142857143	A0A3G4VS02	A0A3G2JGP7	A0A1H4MLB8,A0A222SUG2,G2NWJ0	126	138
Strep_C15705	Strep_C15705A40	2	0.014285714285714285	A0A7H8ZR56	A0A1D8G370	D7C7T2,D7C8V7,L8EYS4	146	139
Strep_C15724	Strep_C15724A0	1	0.007142857142857143	D7CEQ2	A0A7H8IRC6	Q82EL5,S5VK05,A0A0B5DEW3	146	138
Strep_C157273	Strep_C157273A103	2	0.014285714285714285	A0A7L4Z5Z3	Q82JA8	A0A3G4W113,B4V2N5,A0A0U3D6W8	133	140
Strep_C157953	Strep_C157953A4	6	0.04285714285714286	A0A1W5YZ69	A0A1W7CW25	A0A3S9MC75,A0A1D7YAE6,A0A3Q8VUP7	113	140
Strep_C15863	Strep_C15863A0	1	0.007142857142857143	D7CGT0	A0A2S1SNA8	Q829U4,N0CLD9,A0A3S8X1E2	193	140
Strep_C158933	Strep_C158933A0	109	0.7785714285714286	A0A1Z2L2N3	D7C349	A0A285DD26,A0A1W5Z0A3,A0A6G9H1G7	15	140
Strep_C159150	Strep_C159150A18	2	0.014285714285714285	B4VFW3	A0A2K8PL61	N0CN08,A0A7R8NHY2,D7CID8	136	138
Strep_C159527	Strep_C159527A0	62	0.44285714285714284	A0A0D4DWW9	Q827W0	A0A3S8XXF1,A0A494URI2,A0A1X4H3B1	16	140
Strep_C159744	Strep_C159744A83	3	0.02142857142857143	A0A5P2CGN7	A0A2Z4J6H6	A0A1D7VJD5,A0A1W5XK83,A0A1V0U699	131	135
Strep_C159754	Strep_C159754A17	2	0.014285714285714285	A0A3G4W4L4	A0A345HWW6	A0A0U3LN32,A0A1L6PDW7,N0D5E9	129	132
Strep_C159870	Strep_C159870A36	2	0.014285714285714285	A0A1V0U733	A0A5P2C3S4	A0A2K9EZM1,A0A3S8VKI2,N0CMQ7	131	134
Strep_C160325	Strep_C160325A1	15	0.10714285714285714	N0CLH6	A0A385DJ37	A0A1X4H3S3,A0A7L4YVK0,A0A1B1B4P4	72	140
Strep_C160629	Strep_C160629A64	2	0.014285714285714285	A0A5B7UVS5	G2NIA2	D7C8R2,Q82FH0,S5UTV1	133	133
Strep_C160649	Strep_C160649A22	3	0.02142857142857143	A0A1L6PJ53	G2P9D4	A0A3Q8VUU2,A0A346C451,A0A0N6ZLS9	127	140
Strep_C161107	Strep_C161107A15	2	0.014285714285714285	A0A0F7W703	A0A7L5T3H7	B4V655,A0A3G4VPI5,A0A0M4DF88	126	137
Strep_C161190	Strep_C161190A16	18	0.12857142857142856	A0A3Q8VV38	D7BQS1	A0A7H8T7J9,Q82DQ2,A0A1B1MF71	54	140
Strep_C161217	Strep_C161217A46	4	0.02857142857142857	A0A2N9B8X9	B1W4W0	A0A5B7UXL7,A0A516RBT5,A0A1D7VEJ1	129	139
Strep_C161996	Strep_C161996A18	2	0.014285714285714285	A0A3G4VUE0	A0A385DAZ5	A0A0M4DN38,A0A1W5Z078,A0A1L6PL96	135	139
Strep_C162296	Strep_C162296A5	4	0.02857142857142857	N0CQV5	A0A7H1B924	A0A0N6ZP00,A0A3Q8VUB0,A0A7H0NL48	105	113
Strep_C162792	Strep_C162792A16	3	0.02142857142857143	A0A0F7N9M2	A0A5P9WLI6	A0A1X4GT71,A0A7L4Z5X3,A0A0G3UR33	136	140
Strep_C163740	Strep_C163740A20	3	0.02142857142857143	A0A1W5Z9W9	A0A291Q730	A0A3G4VPK3,B4VBB3,A0A1D7VKI9	141	130
Strep_C164922	Strep_C164922A0	1	0.007142857142857143	Q827J2	A0A1U9R1F9	G2NRY7,A0A0C5FTR7,A0A7G7BT57	114	114
Strep_C165040	Strep_C165040A4	4	0.02857142857142857	A0A7H0NL31	A0A0F7FUA3	A0A3Q8URS0,A0A0F7N607,A0A2K9FHL9	127	140
Strep_C165259	Strep_C165259A9	4	0.02857142857142857	A0A1W5Z0R7	A0A7H8MR38	A0A1V0RBP9,A0A7G6XV48,A0A1U9P9X2	125	137
Strep_C165321	Strep_C165321A16	2	0.014285714285714285	A0A3Q8ULU1	A0A7M2SU31	A0A3G4W508,B4VCQ0,A0A1U9NU48	134	138
Strep_C167888	Strep_C167888A2	11	0.07857142857142857	G2NFU3	A0A0G3UNR9	A0A6I6N1L8,A0A6M4PGY3,A0A2R4JFF9	99	139
Strep_C168489	Strep_C168489A2	24	0.17142857142857143	A0A1B1AQG0	A0A0A8EU54	A0A1S6J8S6,A0A6G5RHH6,A0A143C461	63	140
Strep_C168803	Strep_C168803A22	3	0.02142857142857143	A0A1L6PHN6	A0A5R9M812	A0A5P2BFA7,A0A3Q8USW3,A0A0F7NCR1	121	129
Strep_C169116	Strep_C169116A31	3	0.02142857142857143	A0A1L6PJS4	A0A0K2AVV2	A0A7L4Z2D8,A0A1X4GSH0,A0A0C5GEF7	127	136
Strep_C16921	Strep_C16921A0	1	0.007142857142857143	D7CCF9	A0A7R8NZQ7	Q82JM2,S5VA35,A0A5Q0LAP7	144	140
Strep_C169853	Strep_C169853A83	3	0.02142857142857143	A0A5P2CEA1	A0A2N9BGJ3	A0A0C5G0I5,A0A0F7W3M0,A0A0M3QNP3	132	140
Strep_C170356	Strep_C170356A83	3	0.02142857142857143	A0A5P2BI70	A0A0M4DAB9	A0A3Q8UT12,A0A0F7N6J7,A0A3G4VYJ3	129	140
Strep_C170954	Strep_C170954A15	2	0.014285714285714285	A0A0F7N586	A0A0A8ERV1	A0A1W5Z5H9,A0A0M4DZS6,A0A7H8ZW78	133	138
Strep_C171392	Strep_C171392A2	10	0.07142857142857142	A0A0U3BEE8	A0A6I6WGB9	A0A3Q8W531,A0A2K8PE97,A0A1U9P1H7	104	138
Strep_C171527	Strep_C171527A4	11	0.07857142857142857	A0A0U3LHH0	D7BQU9	A0A345HNN2,A0A5P2BXH0,A0A6G9GY96	69	140
Strep_C172204	Strep_C172204A41	7	0.05	A0A494V6Y0	B1VXX9	A0A0M5IW06,A0A1L6PFR4,A0A0U3KCH7	103	140
Strep_C17305	Strep_C17305A0	1	0.007142857142857143	D7C120	A0A2S1SVT6	Q82DG5,A0A089XA11,A0A6I6FJP0	134	133
Strep_C173218	Strep_C173218A31	6	0.04285714285714286	A0A1V0R153	A0A5J6J849	A0A1L6PLD8,A0A6N9VDH3,B1VSG7	115	131
Strep_C173690	Strep_C173690A1	81	0.5785714285714286	A0A1B1AQR8	A0A0F7FSW0	A0A516RC11,A0A3S8WD79,A0A0K2AX71	19	139
Strep_C175781	Strep_C175781A28	9	0.06428571428571428	A0A5J6J565	D7BQV6	A0A5P2XE78,A0A5J6HHA8,A0A1P8TGZ5	81	140
Strep_C175782	Strep_C175782A84	3	0.02142857142857143	A0A5P2CKB4	D7CER0	A0A0F7N3Q8,A0A3Q8UNW9,B4V3J4	129	140
Strep_C175964	Strep_C175964A4	5	0.03571428571428571	A0A7R8NY00	A0A1W7CUM3	A0A0M5IQ44,A0A291QGB0,A0A6G9FEM4	118	140
Strep_C176348	Strep_C176348A4	5	0.03571428571428571	A0A1W5YXW2	D7CHJ5	N0D2B9,A0A7R8RYU8,A0A1V0UGF8	106	140
Strep_C176808	Strep_C176808A1	37	0.2642857142857143	A0A7T7L1I7	A0A6I6WAD0	A0A1L6PRN9,N0CJR6,A0A7H8ZYK8	46	139
Strep_C176829	Strep_C176829A34	4	0.02857142857142857	A0A346C5E0	A0A6G9GXU9	A0A1H4PKF9,G2P1H4,A0A222SWC8	126	140
Strep_C177012	Strep_C177012A28	8	0.05714285714285714	A0A5P2DFC5	B4VA68	A0A7M2SVH7,A0A6M4PNY2,A0A1A9ITS2	81	140
Strep_C177950	Strep_C177950A4	6	0.04285714285714286	A0A0U3LVY3	A0A6I6WEE7	A0A0C5G6N3,A0A0F7VXP4,A0A0K2AZ59	128	140
Strep_C178209	Strep_C178209A23	2	0.014285714285714285	A0A0N6ZKQ8	A0A191V0H1	A0A5J6GF49,A0A291QC57,D7C8Q1	132	134
Strep_C178629	Strep_C178629A19	4	0.02857142857142857	A0A0K2AX19	D7BQV8	A0A1W5YZA2,A0A7H8ZP97,A0A0M4DSB1	107	139
Strep_C178636	Strep_C178636A30	7	0.05	A0A7G6XKI3	D7C1D6	A0A1W5Z051,A0A1L6PJ38,A0A0U3BD91	106	140
Strep_C17867	Strep_C17867A0	1	0.007142857142857143	D7C586	A0A7L7MD38	Q82BZ2,A0A089X5B4,A0A5Q0LIV2	144	137
Strep_C179013	Strep_C179013A15	2	0.014285714285714285	A0A0C5FPR6	A0A5B8J5X2	D7C5A2,Q82BW5,S5VFX4	139	140
Strep_C179222	Strep_C179222A29	9	0.06428571428571428	A0A2K8PE37	D7BQW7	A0A143C4Q7,A0A5J6I7F1,A0A514JUA6	89	140
Strep_C179470	Strep_C179470A16	2	0.014285714285714285	A0A3S8VMU2	A0A0F7FT78	A0A7G6XMD1,A0A1L7GE27,N0CLR6	136	139
Strep_C179815	Strep_C179815A16	3	0.02142857142857143	A0A3S8VWH8	N0D3C6	B4V1P6,A0A5J6J929,A0A3G4VZ79	114	140
Strep_C179965	Strep_C179965A23	3	0.02142857142857143	A0A346C0M8	A0A291Q8K8	A0A7G6XLQ2,A0A1V0R426,A0A1L7GEH1	122	139
Strep_C179971	Strep_C179971A2	23	0.16428571428571428	A0A1V0UF20	A0A2K8PE57	A0A346C4Z8,A0A6I6NDV6,Q82DP0	57	140
Strep_C180638	Strep_C180638A0	111	0.7928571428571428	A0A1V0UFE1	A0A0F7FUL7	A0A1U9P150,B4V506,A0A344TV41	14	140
Strep_C18110	Strep_C18110A19	2	0.014285714285714285	A0A3G4VS93	A0A2K8PL94	D7BR02,Q829A8,S5UNN0	142	139
Strep_C181115	Strep_C181115A5	5	0.03571428571428571	A0A7R8NQ78	A0A1Z1WFD0	A0A0U3M3N2,A0A7H0NKG4,A0A1L6PJR1	96	113
Strep_C181306	Strep_C181306A29	3	0.02142857142857143	A0A1D7YD04	A0A5P2AS27	A0A1W5Z0P4,A0A0M4E605,A0A1D7VEQ4	133	140
Strep_C181501	Strep_C181501A1	44	0.3142857142857143	A0A0U3PR21	D7BQV2	A0A0M3QMD7,A0A516RBZ1,A0A1W5YZA7	21	139
Strep_C18174	Strep_C18174A15	2	0.014285714285714285	A0A0F7W586	A0A5Q0LK67	D7BWY5,Q827U8,S5UZN1	139	140
Strep_C181758	Strep_C181758A3	38	0.2714285714285714	A0A089X0E0	A0A0F7FP11	A0A291Q3H5,A0A5J6GRS1,A0A7T7L1G0	46	138
Strep_C18303	Strep_C18303A0	1	0.007142857142857143	D7C3B1	A0A7H8IL48	Q82BM4,S5UU75,A0A6I6SNJ7	129	129
Strep_C183704	Strep_C183704A6	3	0.02142857142857143	A0A1H4QFJ2	A0A7H8H2V5	A0A3G4VVT8,A0A0G3UL55,A0A6G9FIQ5	133	140
Strep_C183770	Strep_C183770A47	6	0.04285714285714286	A0A1P8TM76	Q82AL5	A0A0F7W5M4,A0A1D7YGX6,A0A514JVT7	101	139
Strep_C183867	Strep_C183867A9	5	0.03571428571428571	A0A6N9VDD6	A0A0F7VWZ0	A0A7G6XFG1,A0A5J6J1T7,A0A1U9P9I1	124	140
Strep_C184020	Strep_C184020A2	23	0.16428571428571428	A0A0M4DU95	A0A0F7FUN7	A0A291QCS4,A0A346C209,A0A3Q9C358	56	140
Strep_C184832	Strep_C184832A18	11	0.07857142857142857	A0A3S8XUI6	A0A7G1NH62	A0A0B5I696,A0A1L7GE07,A0A5P1ZK93	87	140
Strep_C185605	Strep_C185605A4	12	0.08571428571428572	A0A7H8T4L1	A0A1Z2L021	N0CZI5,B1VYW8,A0A0M3QLY1	131	139
Strep_C186039	Strep_C186039A87	3	0.02142857142857143	A0A5P2CCX5	N0CMI0	A0A1V0U6J9,A0A7H8ZYX5,D7BU46	137	135
Strep_C186249	Strep_C186249A30	3	0.02142857142857143	A0A1U9NVX2	A0A0F7FQ84	A0A5B7UQA9,A0A516R5E0,Q829T2	125	140
Strep_C186771	Strep_C186771A22	6	0.04285714285714286	A0A5J6IDY9	A0A2K8PH52	A0A7R8NQ45,A0A7H0NMB5,N0CWH8	115	133
Strep_C187049	Strep_C187049A19	6	0.04285714285714286	A0A5P9WJ39	A0A7L7M883	A0A291QFP0,A0A3Q8V3L1,A0A5J6GCW3	104	138
Strep_C187643	Strep_C187643A8	29	0.20714285714285716	A0A5Q0LIW4	Q829V9	A0A221P7Y4,A0A1S6JEG5,A0A346BY58	58	139
Strep_C188187	Strep_C188187A1	39	0.2785714285714286	A0A1Z1W6D5	D7BWE3	A0A0U3LST6,A0A1W5Z7D8,A0A0M4DPK5	43	140
Strep_C188332	Strep_C188332A6	3	0.02142857142857143	A0A1H4TLX1	A0A1D7VSX3	A0A221P2V2,A0A6H0CR30,A0A0F7ND71	121	134
Strep_C188491	Strep_C188491A34	9	0.06428571428571428	A0A2R4T7Q1	A0A3Q9FWF5	A0A1S6J7K6,A0A346C622,A0A143C5N0	87	140
Strep_C18890	Strep_C18890A0	1	0.007142857142857143	D7BTE3	A0A7H8H1F7	Q82I71,S5V0E7,A0A5J6I7I3	140	140
Strep_C189355	Strep_C189355A0	41	0.29285714285714287	A0A7H8ZMZ2	A0A0A8EJN5	A0A2U9P870,A0A221P2K2,A0A1B1AS07	40	140
Strep_C189844	Strep_C189844A4	9	0.06428571428571428	A0A1W5YZA1	D7BQV3	A0A143C4I2,A0A191V273,A0A1B1MF67	95	140
Strep_C19020	Strep_C19020A18	2	0.014285714285714285	B4VEB7	G2P000	A0A7H8ZSF9,A0A1V0UE62,D7CHQ8	137	139
Strep_C190661	Strep_C190661A20	3	0.02142857142857143	A0A3S8XPW9	A0A387HJR2	A0A7G1P2Q9,A0A7T7KY19,A0A0F7VY67	111	123
Strep_C190902	Strep_C190902A22	3	0.02142857142857143	A0A0N6ZKQ9	D7C8Q0	N0CYC0,A0A6N9VFZ3,A0A0M4DTL8	126	139
Strep_C19203	Strep_C19203A0	1	0.007142857142857143	D7CGG0	A0A7T1T6C4	Q82EC7,A0A0A8ES01,A0A6M4PLQ5	125	125
Strep_C192290	Strep_C192290A2	14	0.1	A0A2S2GAT4	A0A0F7FX93	A0A6H0CRH5,A0A7H0ID49,A0A1Z1WHE5	74	140
Strep_C192548	Strep_C192548A0	128	0.9142857142857143	A0A0B5DNG5	D7BQU1	A0A0F7FUI3,A0A1W7CWA2,A0A6I6WJQ4	7	139
Strep_C192565	Strep_C192565A23	7	0.05	A0A1B1AQN8	G2ND68	A0A1W5XPQ3,A0A0D4DRU9,J1ZVV2	99	139
Strep_C193656	Strep_C193656A11	22	0.15714285714285714	A0A1S6J5T5	D7C8J8	A0A1A9J464,A0A7G1P059,C9Z0G8	53	140
Strep_C193953	Strep_C193953A6	29	0.20714285714285716	A0A7G8K7W4	A0A5B7UP22	A0A2Z4J6G1,A0A1B1M5X3,A0A0U3PSP3	41	140
Strep_C194114	Strep_C194114A4	9	0.06428571428571428	B1VS41	A0A6I6SEM7	A0A1U9NZR8,A0A7G6XK84,A0A2K8PFC9	95	140
Strep_C194217	Strep_C194217A18	8	0.05714285714285714	A0A0K2AWS5	D7BQL3	A0A7H8ZQH0,A0A7H0NJ07,A0A1V0UEN5	96	140
Strep_C194503	Strep_C194503A4	13	0.09285714285714286	A0A1L6PG90	A0A0F7FYB3	A0A291QGV7,A0A5Q0LC56,A0A3S8WFJ8	62	139
Strep_C194702	Strep_C194702A3	5	0.03571428571428571	A0A1L6PN48	A0A7H8N8E5	A0A2K8PKG2,A0A5P2UMC8,A0A5P2DI66	119	139
Strep_C194797	Strep_C194797A11	15	0.10714285714285714	A0A0C5FNZ1	D7CEY3	A0A0U3CY69,A0A7H0NR13,A0A1L6PQ90	101	140
Strep_C194849	Strep_C194849A44	7	0.05	A0A5J6GDR0	A0A0A8EH11	L8ETG8,A0A7T7I3Q0,A0A516REP2	112	140
Strep_C19490	Strep_C19490A16	2	0.014285714285714285	A0A0F7N9B2	A0A221P299	B4V1B1,A0A3G4W0A5,A0A7H8ZPP7	136	139
Strep_C19521	Strep_C19521A0	1	0.007142857142857143	D7CF04	A0A1D8FYZ6	Q82AA7,S5UPK5,A0A6I6RZU8	128	128
Strep_C195288	Strep_C195288A19	4	0.02857142857142857	A0A0M5IXS0	A0A7G1NBL6	A0A1X4H3V3,A0A1D7YIW7,A0A7L4Z0X3	107	139
Strep_C195904	Strep_C195904A8	16	0.11428571428571428	A0A5J6J7Q2	D7C8S5	Q82FG4,A0A516RA57,A0A6M4WS59	55	140
Strep_C195925	Strep_C195925A2	6	0.04285714285714286	A0A1V0UHD5	G2NMF5	A0A1L7GKE3,A0A7G6XFE6,A0A1V0QY52	93	140
Strep_C197189	Strep_C197189A16	3	0.02142857142857143	A0A2K9ET02	A0A1V0TVG0	A0A5P2DJM2,A0A3S8YBB3,A0A1V0R330	128	140
Strep_C197553	Strep_C197553A2	13	0.09285714285714286	A0A1V0UEM7	D7BQU6	I2N4E5,A0A0B5DNH1,A0A1A9IZC1	68	140
Strep_C197555	Strep_C197555A2	16	0.11428571428571428	A0A0M5IXF7	D7BVV1	A0A7H1BB26,A0A1P8TK92,A0A1Z1WBM3	50	140
Strep_C197563	Strep_C197563A4	9	0.06428571428571428	A0A0U3KAV3	D7CER9	A0A5J6GKD1,A0A5B7UQZ2,A0A516R603	110	140
Strep_C200018	Strep_C200018A3	32	0.22857142857142856	A0A2Z4J235	A0A2R4JL98	J1RM52,A0A5P2D5K3,A0A0G3UIZ3	39	140
Strep_C201057	Strep_C201057A21	4	0.02857142857142857	A0A1V0U867	A0A089YWK6	A0A7R8NK83,A0A1W5ZAI2,A0A0M4DWP5	120	129
Strep_C20117	Strep_C20117A0	1	0.007142857142857143	D7C0Y7	A0A387H7Y2	Q82M12,S5V533,A0A5P8KDB4	136	136
Strep_C201186	Strep_C201186A4	4	0.02857142857142857	B1VPG8	A0A1W7CYC8	A0A143C3J5,A0A7G1NKQ5,A0A6G5RFT4	125	140
Strep_C201297	Strep_C201297A4	6	0.04285714285714286	A0A1W5ZAN4	A0A1D8FY47	A0A6M4PQ96,A0A6H0CIW2,S5UZX3	105	140
Strep_C20178	Strep_C20178A0	1	0.007142857142857143	D7C2X7	A0A5B7V1N0	Q82LQ3,A0A089XHF0,A0A6I6WJN6	129	129
Strep_C20184	Strep_C20184A15	2	0.014285714285714285	A0A0C5GCL9	A0A5R9M5J1	D7C585,Q82BZ3,S5UUH6	139	140
Strep_C20205	Strep_C20205A18	2	0.014285714285714285	B4V9N6	A0A7G1P623	A0A7H8ZRA3,A0A1V0UDC8,D7C8P6	137	139
Strep_C205037	Strep_C205037A11	16	0.11428571428571428	A0A1B1AQM8	A0A1W7CW31	A0A0U3K9T1,A0A7H0NIR7,A0A7H8ZR50	54	140
Strep_C206077	Strep_C206077A15	29	0.20714285714285716	A0A2Z4IXJ2	D7CC68	A0A1U9QPW8,A0A222T214,G2PC83	49	140
Strep_C206732	Strep_C206732A1	64	0.45714285714285713	A0A5J6GDA9	P66471	A0A7G6XJP8,A0A3Q8W6Z6,A0A0B5I970	14	140
Strep_C20688	Strep_C20688A0	1	0.007142857142857143	D7CAN0	G2PB69	Q82F68,S5VJH1,A0A5J6I3J8	139	139
Strep_C20691	Strep_C20691A0	1	0.007142857142857143	D7C2S0	A0A8A1UX92	Q82LV1,S5VQB3,A0A5P8KE41	136	136
Strep_C207208	Strep_C207208A2	67	0.4785714285714286	A0A7G1NGZ0	A0A7L4ZBB3	A0A1U9P202,A0A345HNL5,A0A285DDV9	9	140
Strep_C207350	Strep_C207350A10	16	0.11428571428571428	A0A6I6NDR4	D7CCA3	A0A291QGR5,A0A5P2BGU0,A0A1Z1WJU5	94	140
Strep_C20830	Strep_C20830A18	2	0.014285714285714285	A0A3G4VYF7	A0A0A8ERW7	A0A1V0U9T2,A0A7H8ZUK0,A0A6N9V367	136	139
Strep_C208826	Strep_C208826A4	9	0.06428571428571428	A0A6N9V8I8	A0A1U9QSC0	A0A1B1ASF3,A0A0F7VW58,A0A6M4PG66	100	140
Strep_C21022	Strep_C21022A0	1	0.007142857142857143	D7CHU5	A0A5B7UX97	Q82E68,S5VST4,A0A5P9WLJ9	138	138
Strep_C21214	Strep_C21214A39	2	0.014285714285714285	A0A1V0UCD0	A0A1B1MD56	D7CAM1,Q82F73,S5VJG7	143	140
Strep_C21258	Strep_C21258A65	2	0.014285714285714285	A0A516R741	A0A6G9H0J4	D7C5A7,Q82BV3,S5UUE2	140	139
Strep_C213722	Strep_C213722A0	126	0.9	A0A1Z2L4S8	D7CEF8	A0A0F7FUY8,A0A1I6SMZ4,A0A1W7CXM2	8	138
Strep_C21539	Strep_C21539A9	2	0.014285714285714285	N0CMV1	B1VVR9	D7BXL9,Q82D44,S5VHB3	138	139
Strep_C216534	Strep_C216534A3	8	0.05714285714285714	A0A7M2SV80	A0A0F7FPV2	A0A222SRP6,A0A7G8K8E9,A0A1H4KW42	90	138
Strep_C216993	Strep_C216993A0	72	0.5142857142857142	A0A221NY72	A0A0A8EUC4	A0A5P2BW40,A0A1V0R0E9,A0A2K8PEW7	18	140
Strep_C21895	Strep_C21895A0	1	0.007142857142857143	D7C3B2	A0A6I6WMS9	Q82BM3,S5VLW8,A0A5J6HHT4	141	137
Strep_C21900	Strep_C21900A47	2	0.014285714285714285	A0A7H8ZNS8	A0A7H8N8B8	D7BXF8,D7BZH6,J2K410	173	138
Strep_C2193	Strep_C2193A0	1	0.007142857142857143	D7BVP8	A0A6I6WMT6	Q82DA7,S5VNM8,A0A5P9WR81	136	136
Strep_C219947	Strep_C219947A9	23	0.16428571428571428	A0A1X4GTS9	D7BQW0	A0A1L7GI44,A0A7G6XHT8,A0A7H0ID95	57	140
Strep_C22091	Strep_C22091A0	1	0.007142857142857143	D7CHU6	A0A5P2BG17	Q82E67,S5UZ43,A0A5J6I8Q2	139	139
Strep_C22092	Strep_C22092A0	1	0.007142857142857143	Q82I15	A0A5P2BG76	G2NLW3,A0A089XG73,A0A5P8KAD8	132	132
Strep_C22458	Strep_C22458A0	1	0.007142857142857143	D7BZ94	A0A0F7NCJ4	Q82HW1,S5UW27,A0A5J6IF10	140	140
Strep_C22576	Strep_C22576A18	2	0.014285714285714285	A0A3G4VRW0	A0A0F7CMW3	A0A1L6PV90,A0A1W5ZAP3,A0A7G6XPG4	132	139
Strep_C22744	Strep_C22744A18	2	0.014285714285714285	A0A0M4E5E2	A0A5B7UV66	A0A7H8ZRW9,A0A1V0UDS9,A0A5P2DQ87	119	122
Strep_C22878	Strep_C22878A10	2	0.014285714285714285	N0CJG2	D7BR03	D7C2Q7,A0A0B5DFM2,A0A5J6FG20	144	140
Strep_C23102	Strep_C23102A0	1	0.007142857142857143	D7BX82	A0A346C126	Q82HL2,S5V4J2,A0A5Q0LG28	143	139
Strep_C23117	Strep_C23117A0	1	0.007142857142857143	D7CC46	A0A5B8JL53	Q82JY5,S5VNE1,A0A5J6I933	139	139
Strep_C23414	Strep_C23414A0	1	0.007142857142857143	D7C8Z5	A0A7T1TD32	Q82FA1,S5UY01,A0A5P9WN14	138	138
Strep_C23946	Strep_C23946A38	2	0.014285714285714285	A0A1V0UHN3	A0A5P2D093	D7CAH2,Q82K46,S5V2M5	139	140
Strep_C23998	Strep_C23998A0	1	0.007142857142857143	D7BRE5	A0A0F7W329	Q827F0,S5VCI2,A0A5J6I4Q3	141	140
Strep_C24030	Strep_C24030A0	1	0.007142857142857143	D7BY66	A0A3G4W3T6	Q826W5,N0CRY1,A0A0B5D826	142	137
Strep_C24093	Strep_C24093A5	3	0.02142857142857143	B1VXY8	A0A2K8PDA3	A0A0M4DMF4,A0A1W5YWT9,A0A6C0QBE4	164	140
Strep_C24553	Strep_C24553A0	1	0.007142857142857143	D7C4T0	A0A1Z2KYW6	Q82L84,S5V436,A0A5P9WH73	139	139
Strep_C24699	Strep_C24699A0	1	0.007142857142857143	D7BV42	A0A7G1PE51	Q827K2,S5UR28,A0A5P9WVI7	137	137
Strep_C24707	Strep_C24707A0	1	0.007142857142857143	D7C161	A0A0A8EM76	Q82GP7,S5UWP3,A0A7L4Y2X9	135	135
Strep_C24904	Strep_C24904A0	1	0.007142857142857143	D7BRV0	A0A1V0TWA9	Q82IE0,S5V8R6,A0A5P9WL99	138	138
Strep_C24969	Strep_C24969A15	2	0.014285714285714285	A0A0F7W2F2	C9Z5W8	A0A0F7N1P4,A0A3S8VN65,A0A7H8ZWP4	139	140
Strep_C25144	Strep_C25144A16	2	0.014285714285714285	A0A3S8VTU6	G2NP29	D7BQL6,Q82DW8,S5UVA8	139	140
Strep_C25153	Strep_C25153A38	2	0.014285714285714285	A0A1V0UEF6	A0A0A8EP33	D7BQL5,Q82DW9,S5VKL0	139	140
Strep_C25348	Strep_C25348A16	2	0.014285714285714285	A0A3Q8USP0	G2P1N2	A0A0G3UP66,A0A3G4VZ81,A0A7H8ZP32	135	139
Strep_C25566	Strep_C25566A0	1	0.007142857142857143	D7BXE8	A0A1W7CVS5	Q82I27,S5V8I3,A0A5J6J4U6	148	140
Strep_C26106	Strep_C26106A0	1	0.007142857142857143	D7BQX7	A0A1D8G516	Q82LY2,S5VXX0,A0A5J6IED7	140	138
Strep_C2618	Strep_C2618A0	1	0.007142857142857143	D7CGI6	A0A3S9M4G4	Q82A70,S5USZ4,A0A5P9WXS2	139	139
Strep_C26187	Strep_C26187A0	1	0.007142857142857143	D7CIA6	A0A345HKE5	Q829F7,S5UNS8,A0A5J6I661	138	136
Strep_C26315	Strep_C26315A0	1	0.007142857142857143	D7CG79	A0A2Z5K579	Q82EJ1,A0A0A8EL06,A0A7H8T9Q9	117	117
Strep_C26608	Strep_C26608A0	1	0.007142857142857143	D7BZD9	A0A7G1P335	Q82HR4,S5UVW9,A0A5J6I996	140	140
Strep_C26748	Strep_C26748A0	1	0.007142857142857143	D7C1H7	A0A1D7VG57	Q82CR5,S5VGU0,A0A5J6I415	140	140
Strep_C26918	Strep_C26918A0	1	0.007142857142857143	D7CEQ1	A0A6I6F6S7	Q82EL6,S5UYS9,A0A5J6I5R7	138	135
Strep_C26921	Strep_C26921A16	2	0.014285714285714285	A0A3Q8UWH0	A0A6I6WSI8	A0A7H8ZYI5,A0A1V0U693,D7BV36	136	138
Strep_C27075	Strep_C27075A0	1	0.007142857142857143	D7CA82	A0A0A8EID1	Q82KD3,S5UY57,A0A5Q0L9Y2	142	140
Strep_C27112	Strep_C27112A0	1	0.007142857142857143	D7C3J8	A0A222SVT8	Q82CA7,S5V326,A0A5J6I9D3	139	139
Strep_C27143	Strep_C27143A18	2	0.014285714285714285	A0A3G4VPZ6	A0A5J6GND1	D7BST5,Q828K6,S5UZY6	138	139
Strep_C27322	Strep_C27322A62	2	0.014285714285714285	A0A1V0UHG1	N0D105	D7CCC9,Q82JQ1,J1RE36	235	139
Strep_C27411	Strep_C27411A16	2	0.014285714285714285	A0A0F7NC99	A0A7T1WQ53	A0A1L6PG66,A0A0U3C3M6,A0A7H8ZN60	137	139
Strep_C27420	Strep_C27420A0	1	0.007142857142857143	D7CCD6	I2N6W0	Q82JN1,S5VN32,A0A5J6I6D9	141	140
Strep_C27633	Strep_C27633A16	2	0.014285714285714285	A0A0F7N973	A0A7H1PXI0	A0A1V0UHE4,A0A7H8ZNU4,D7CC73	138	140
Strep_C27642	Strep_C27642A15	2	0.014285714285714285	A0A0F7VPG6	C9Z8F0	A0A3Q8UTK6,A0A0F7N8Q2,B4V2L0	133	139
Strep_C27643	Strep_C27643A0	1	0.007142857142857143	D7CD64	G2P8Q5	Q82AN2,S5UTC5,A0A7L4XY26	131	131
Strep_C27798	Strep_C27798A8	5	0.03571428571428571	A0A7H0NJQ6	A0A1V0R0A9	A0A5B7UUP1,A0A516R999,A0A5P2CHK1	261	140
Strep_C28037	Strep_C28037A0	1	0.007142857142857143	D7BXE1	C9ZGV2	Q82I33,S5VUL6,A0A5J6HK70	141	140
Strep_C28228	Strep_C28228A0	1	0.007142857142857143	D7CEK4	A0A2S1SQ32	Q82FZ2,S5VIV0,A0A7L4Y2A2	129	129
Strep_C28576	Strep_C28576A0	1	0.007142857142857143	D7BU17	A0A1B1MB55	Q82H48,S5VP53,A0A5P9WPT9	137	137
Strep_C28605	Strep_C28605A38	2	0.014285714285714285	A0A1V0U601	A0A2Z5JW05	D7BRG0,Q827I1,S5VIK5	135	136
Strep_C28774	Strep_C28774A8	2	0.014285714285714285	N0CXW5	A0A6C0Q992	D7CAB7,Q82K95,A0A089XIA6	137	138
Strep_C29203	Strep_C29203A18	2	0.014285714285714285	A0A3G4VQJ6	D7CI92	A0A1W5Z671,A0A0M4E951,A0A7H8ZXJ8	135	139
Strep_C29396	Strep_C29396A38	2	0.014285714285714285	A0A1V0U9A6	A0A0F7FTB0	D7C3K8,Q82CA2,S5UR82	139	140
Strep_C29460	Strep_C29460A18	2	0.014285714285714285	B4VG36	A0A7T1T7Z9	D7C352,Q82GC4,S5VPV2	137	138
Strep_C29500	Strep_C29500A38	2	0.014285714285714285	A0A1V0U7T9	A0A1D7VHX9	D7CF34,Q82A88,S5V1A1	135	136
Strep_C29793	Strep_C29793A15	2	0.014285714285714285	A0A0C5GGL3	A0A387HBP7	A0A6N9VLW3,N0D1B6,D7BXG3	138	139
Strep_C29971	Strep_C29971A0	1	0.007142857142857143	D7C8T5	A0A7L7MB20	Q82FF4,S5VQK3,A0A5J6I774	139	139
Strep_C30134	Strep_C30134A0	1	0.007142857142857143	D7C4Q5	A0A7H1PT06	Q825V0,S5V0W5,A0A6I6N5P1	131	131
Strep_C30232	Strep_C30232A0	1	0.007142857142857143	D7C1Z7	A0A3S8VR61	D7C712,N0CSG5,A0A5P2WBD0	146	139
Strep_C30520	Strep_C30520A18	2	0.014285714285714285	A0A0G3UR22	A0A7H8NE74	D7CAJ0,Q82K25,S5UXX5	139	139
Strep_C30595	Strep_C30595A20	2	0.014285714285714285	A0A0M4DT89	A0A1U9QVM6	A0A7H8ZRX6,A0A1V0UDI6,D7C505	137	139
Strep_C30604	Strep_C30604A36	2	0.014285714285714285	A0A7H8ZJ45	A0A1Z1WP51	D7BSZ7,Q826D6,A0A089XIH3	130	131
Strep_C30714	Strep_C30714A0	1	0.007142857142857143	D7BST6	A0A7T7L116	Q827G1,J1ZNP6,A0A387HJX0	185	140
Strep_C31194	Strep_C31194A18	2	0.014285714285714285	B4V314	N0CSH7	A0A1U9P0Z7,A0A7G6XI79,A0A1V0UBL6	137	140
Strep_C31471	Strep_C31471A18	2	0.014285714285714285	A0A3G4VPF3	N0CSC0	D7BV87,Q827P0,S5VIS7	139	140
Strep_C31749	Strep_C31749A0	1	0.007142857142857143	D7CCB7	A0A7T1T4W0	Q82JR3,S5VA72,A0A5J6IBP3	138	138
Strep_C31773	Strep_C31773A86	3	0.02142857142857143	A0A5P2BSM1	A0A0C5G6K1	A0A3R8S3Z8,A0A7L4Z5E8,A0A3Q8VTA5	133	139
Strep_C32045	Strep_C32045A37	2	0.014285714285714285	A0A1V0UH40	A0A6I6N8V1	D7CC79,Q82JV0,S5UXR3	138	139
Strep_C32158	Strep_C32158A30	2	0.014285714285714285	A0A1W5XU66	A0A345HUU0	N0CVU9,A0A6N9VDW6,D7CE08	137	139
Strep_C32394	Strep_C32394A0	1	0.007142857142857143	D7BQC0	A0A7H0HXE3	Q82IS2,S5UWU2,A0A5P2UIB9	135	135
Strep_C32411	Strep_C32411A20	3	0.02142857142857143	A0A1W5Z5X9	A0A7T1TAJ1	A0A0U3B6K4,A0A1L6PQ93,B1W0V3	123	140
Strep_C32428	Strep_C32428A0	1	0.007142857142857143	D7C6G9	A0A0A8EIR4	Q82L07,S5V3W8,A0A5P9WHG6	138	138
Strep_C32567	Strep_C32567A15	2	0.014285714285714285	A0A0C5GET3	A0A7T1T774	A0A6C0Q4I5,A0A1U9QTU8,A0A1H4QV88	130	133
Strep_C32725	Strep_C32725A0	1	0.007142857142857143	D7C3B9	D7C3B9	Q82CK3,S5VMU8,A0A0B5DHW6	151	137
Strep_C32808	Strep_C32808A0	1	0.007142857142857143	D7CHM4	A0A3G4W0I6	Q82IW5,S5VMH5,A0A5J6IA06	140	140
Strep_C33125	Strep_C33125A38	2	0.014285714285714285	A0A7H8ZQ19	A0A0F7CPI3	A0A1H4SGM1,G2PD64,N0D0Y3	137	140
Strep_C33136	Strep_C33136A0	1	0.007142857142857143	D7CGB7	A0A3Q9FXZ9	Q82EG5,N0CII9,A0A5P2D5F4	149	136
Strep_C33217	Strep_C33217A38	2	0.014285714285714285	A0A1V0UHN6	Q82JL2	D7CE06,S5VA27,A0A5J6I8R9	139	140
Strep_C33314	Strep_C33314A24	2	0.014285714285714285	A0A0N6ZRX8	A0A5J6JB57	A0A5J6HFE3,A0A3S8W5S7,N0CSW5	137	140
Strep_C33459	Strep_C33459A0	1	0.007142857142857143	D7BV91	A0A5R9M5P2	Q827P6,S5VIT4,A0A5J6HYA7	139	139
Strep_C33612	Strep_C33612A18	2	0.014285714285714285	A0A3G4VTF0	A0A3S8VP81	A0A7H8ZTQ1,A0A1V0UA80,A0A7R8RQ60	137	140
Strep_C34079	Strep_C34079A15	2	0.014285714285714285	A0A0C5FY33	A0A1Z1W7U8	A0A0M5IS00,A0A6G9FLY0,A0A7H9A190	136	140
Strep_C34086	Strep_C34086A4	5	0.03571428571428571	B1VZG8	A0A291Q6M2	A0A5P2C237,A0A3Q8UNP2,A0A0F7N094	124	140
Strep_C34436	Strep_C34436A0	1	0.007142857142857143	D7BXI6	A0A1D8G5I4	Q82I11,S5V098,A0A5J6I7E0	140	139
Strep_C34488	Strep_C34488A0	1	0.007142857142857143	D7C994	A0A5P8K0W2	Q82B92,S5V238,A0A7L4Y155	131	131
Strep_C34569	Strep_C34569A38	2	0.014285714285714285	A0A1V0U9S4	A0A1S6JC56	D7BXM7,Q82D36,S5VNH9	139	140
Strep_C3479	Strep_C3479A0	1	0.007142857142857143	D7CHE7	A0A2K9ER48	Q82J10,S5VV50,A0A5P2UHS6	138	138
Strep_C35658	Strep_C35658A15	2	0.014285714285714285	A0A0F7N559	A0A7H8N8I9	A0A0U3K6S8,A0A7H0NLN9,A0A7H8ZRY5	130	134
Strep_C35751	Strep_C35751A0	1	0.007142857142857143	D7CFU7	A0A2N9BGT8	D7CGL0,I2MWJ9,A0A2S2G3R4	270	140
Strep_C35976	Strep_C35976A30	2	0.014285714285714285	A0A1D7VDR6	A0A4P6TX78	A0A6N9VBB0,N0CY05,D7C8X7	134	135
Strep_C35994	Strep_C35994A0	1	0.007142857142857143	D7BU38	A0A5J6GIP0	Q82H74,S5VP32,A0A6I6F892	136	136
Strep_C36076	Strep_C36076A0	1	0.007142857142857143	D7CCB3	A0A0U3C3T5	Q82JR8,S5VN59,A0A5J6FAW1	144	140
Strep_C36407	Strep_C36407A0	1	0.007142857142857143	D7BRV4	I2N5I4	Q82ID7,S5V0L7,A0A5J6I882	140	140
Strep_C36448	Strep_C36448A94	2	0.014285714285714285	A0A5P2CMH7	A0A1Z2KZW0	D7CBI2,D7CC40,J1SAF9	146	139
Strep_C36525	Strep_C36525A0	1	0.007142857142857143	D7BYZ3	A0A6C0QDF2	Q82ML5,S5VCS1,A0A5P2UFE5	136	136
Strep_C36553	Strep_C36553A0	1	0.007142857142857143	D7CF05	A0A7T1TAK0	Q82AA6,S5VEK3,A0A5J6HYD5	140	140
Strep_C36597	Strep_C36597A0	1	0.007142857142857143	D7CIB2	A0A1D7VIE7	Q829F1,S5VDT7,A0A5P8JZ88	134	134
Strep_C36619	Strep_C36619A22	2	0.014285714285714285	A0A1L6PV29	A0A291Q6K7	A0A1W5XLR9,A0A1D7VHS0,A0A7H9A2A1	142	139
Strep_C36640	Strep_C36640A0	1	0.007142857142857143	D7C3M2	A0A0F7FS34	Q82C85,S5VG50,A0A5J6I2E1	139	139
Strep_C36738	Strep_C36738A21	2	0.014285714285714285	A0A1W5YXQ9	D7CFY9	A0A7H8ZPJ4,A0A1V0UGR2,Q82J84	138	140
Strep_C37200	Strep_C37200A0	1	0.007142857142857143	D7C8L6	A0A1I6PY18	Q82KI2,S5VNY1,A0A5J6I898	140	140
Strep_C37222	Strep_C37222A0	1	0.007142857142857143	D7CG10	A0A7T1WRV3	Q82J63,S5V9N5,A0A5P9WJ68	139	139
Strep_C37273	Strep_C37273A0	1	0.007142857142857143	Q82KY7	A0A1S6JJF0	G2NMJ5,A0A089XGP3,A0A6I6FHD9	134	134
Strep_C37404	Strep_C37404A38	2	0.014285714285714285	A0A7H8ZNP7	G2PBU3	D7BTF5,Q82I56,S5UW86	138	139
Strep_C3742	Strep_C3742A106	2	0.014285714285714285	A0A7L4Z7Q6	A0A0F7NC30	A0A1W5YZC4,A0A0M4DH45,A0A7H8ZQ88	137	140
Strep_C37468	Strep_C37468A0	1	0.007142857142857143	D7C2X3	A0A3G2J8H5	Q82LR1,S5VQ48,A0A5P9WGR0	137	137
Strep_C37510	Strep_C37510A37	2	0.014285714285714285	A0A7H8ZK01	A0A7H8NEU4	Q82LJ3,G2NRC2,A0A089XJC1	135	136
Strep_C37525	Strep_C37525A0	1	0.007142857142857143	D7CHY2	A0A7H1Q086	Q82E21,S5VKF3,A0A5Q0LCZ9	143	140
Strep_C37654	Strep_C37654A0	1	0.007142857142857143	D7C8K5	A0A5P2W933	Q82KJ4,S5VAZ5,A0A5P8KDI7	137	136
Strep_C37802	Strep_C37802A15	2	0.014285714285714285	A0A0F7W3H1	A0A0F7FSF4	A0A3S8VLW6,A0A0F7N078,A0A0N6ZQG7	134	140
Strep_C38029	Strep_C38029A0	1	0.007142857142857143	D7BS14	A0A5J6FJW9	Q82I77,S5VLQ6,A0A6G5RJE4	127	127
Strep_C38164	Strep_C38164A19	4	0.02857142857142857	A0A1S6JEP2	A0A2K9F8T7	A0A5P2B7P1,A0A1P8TMN7,A0A6N9VPQ9	127	140
Strep_C38628	Strep_C38628A38	3	0.02142857142857143	A0A5P2DJ29	G2P7P0	A0A0M3QN92,A0A1W5Z430,A0A7G6XM00	132	139
Strep_C38638	Strep_C38638A38	2	0.014285714285714285	A0A1V0U6P6	A0A0A8ETK4	D7BSS4,Q828M2,S5VDE7	139	140
Strep_C38810	Strep_C38810A0	1	0.007142857142857143	D7CAH7	A0A0F7VSF7	Q82K41,S5V2M1,A0A5P2UJ88	138	138
Strep_C38834	Strep_C38834A22	2	0.014285714285714285	A0A1L6PMJ7	A0A1Z2L687	A0A1D7VVY9,A0A1W5XZR3,D7BX95	138	140
Strep_C38923	Strep_C38923A0	1	0.007142857142857143	D7CES2	A0A6I6WIN6	Q82AJ6,S5VKW1,A0A5J6I2P1	140	140
Strep_C39182	Strep_C39182A20	2	0.014285714285714285	A0A3G4W2L3	A0A0A8EWC3	A0A1U9P1G5,A0A1L7GIC0,A0A6C0Q7K0	143	140
Strep_C39191	Strep_C39191A35	2	0.014285714285714285	A0A1U9QRH0	A0A0F7N9F6	D7CAD1,Q82K81,S5VW98	139	140
Strep_C39192	Strep_C39192A38	2	0.014285714285714285	A0A7H8ZMR5	A0A0F7NCL1	D7CBI0,Q82JZ2,S5VW38	136	137
Strep_C39398	Strep_C39398A33	3	0.02142857142857143	A0A5P2DKJ2	A0A0F7VWC9	A0A2N9BEU8,A0A2Z5JZY8,A0A5J6I413	125	140
Strep_C39511	Strep_C39511A0	1	0.007142857142857143	D7C8S1	A0A6C0Q4L5	Q82FG7,S5VJ78,A0A5J6I390	140	140
Strep_C39559	Strep_C39559A6	3	0.02142857142857143	A0A1H4M0X3	B1VZN4	A0A1L6PPQ3,A0A0U3KAY0,A0A5J6GKD6	136	140
Strep_C39587	Strep_C39587A62	2	0.014285714285714285	A0A516RCM0	A0A0F7VX83	D7BS22,Q82I73,A0A221P297	128	126
Strep_C40125	Strep_C40125A0	1	0.007142857142857143	D7CE51	A0A0F7N8X9	Q82JH9,N0D2W2,A0A5P2DV86	152	139
Strep_C40227	Strep_C40227A0	1	0.007142857142857143	Q82LW1	A0A5P2DT76	G2NMU8,A0A0A8EFA0,A0A6G5RMB9	125	125
Strep_C40280	Strep_C40280A0	1	0.007142857142857143	D7C4T5	A0A7L7M878	Q82L80,N0D4X0,A0A5P2B9R6	160	139
Strep_C40373	Strep_C40373A15	2	0.014285714285714285	A0A0F7W0N4	A0A1Z2L531	A0A3Q8USM3,A0A0F7N6E3,A0A7H0NJ12	137	140
Strep_C40391	Strep_C40391A22	2	0.014285714285714285	A0A1L6PEM1	A0A344TYA5	D7C6F0,Q82L64,S5VXJ2	138	139
Strep_C40933	Strep_C40933A6	3	0.02142857142857143	G2NWT3	I2MXZ6	B4V499,A0A3G4VUH0,A0A1W5Z4L4	131	139
Strep_C41056	Strep_C41056A40	2	0.014285714285714285	A0A7H8ZVL8	A0A6I6WMP1	D7BVN0,Q82DF7,S5VHJ2	142	139
Strep_C41210	Strep_C41210A17	2	0.014285714285714285	A0A0F7N9I2	A0A222T078	A0A1V0UES6,A0A7H8ZRM2,D7BQK6	139	139
Strep_C41623	Strep_C41623A0	1	0.007142857142857143	D7C3M6	A0A1H4N2D1	Q82C81,S5VMD1,A0A5J6I9A6	140	140
Strep_C41787	Strep_C41787A16	2	0.014285714285714285	A0A0F7MZ17	N0CMK6	A0A1L6PR05,A0A0U3KZ45,D7BSR2	137	139
Strep_C41790	Strep_C41790A32	3	0.02142857142857143	A0A7H9A1X3	A0A0A8EJH2	A0A5P2CWT7,D7CG09,Q82J64	137	140
Strep_C41849	Strep_C41849A0	1	0.007142857142857143	Q82LU9	A0A2Z5JLT9	G2NMT0,A0A221P5X1,A0A7L4ZBE9	133	127
Strep_C42114	Strep_C42114A18	2	0.014285714285714285	B4V4R3	A0A6C0Q7U7	D7BZG8,Q82HN7,S5UZW9	132	133
Strep_C42277	Strep_C42277A0	1	0.007142857142857143	D7C307	A0A387HM90	Q82GG3,S5VPM3,A0A6I6FAA4	136	136
Strep_C4233	Strep_C4233A0	1	0.007142857142857143	D7BTJ6	G2PAE1	Q82HG0,S5VNX2,A0A5J6IAW7	139	139
Strep_C42389	Strep_C42389A33	2	0.014285714285714285	A0A1U9P0V7	A0A8B1ND25	A0A7H8ZPQ5,A0A1V0UF15,D7CI15	136	138
Strep_C42589	Strep_C42589A79	3	0.02142857142857143	A0A5P2CCU2	D7BU55	A0A0C5FZ96,A0A0F7VWL1,A0A0F7N0H3	121	140
Strep_C43317	Strep_C43317A38	2	0.014285714285714285	A0A1V0U7T1	A0A1D8FYL4	D7CI72,Q829L4,S5V0P8	138	129
Strep_C43499	Strep_C43499A37	2	0.014285714285714285	A0A7H8ZSX8	A0A1S6JA16	D7CAL8,Q82F74,S5UY34	132	133
Strep_C44071	Strep_C44071A38	2	0.014285714285714285	A0A1V0UA46	A0A7H8JSX1	D7BX68,Q82HM8,S5VNT0	138	139
Strep_C44274	Strep_C44274A9	2	0.014285714285714285	N0CNU0	A0A7H8IVA1	D7CF39,Q82A82,S5UPI7	138	139
Strep_C44365	Strep_C44365A18	2	0.014285714285714285	B4V440	A0A0F7W0B9	D7C953,Q82BC0,S5VFJ3	139	138
Strep_C44698	Strep_C44698A0	1	0.007142857142857143	D7BYA1	A0A7L4XWL8	Q826T2,S5UQJ7,A0A5J6FIR2	144	140
Strep_C44856	Strep_C44856A0	1	0.007142857142857143	D7CA81	A0A5B7V1B4	Q82KD5,A0A221P976,A0A6N9VP02	119	119
Strep_C45178	Strep_C45178A18	2	0.014285714285714285	B4V9R4	A0A7L4Z2B7	D7C722,Q82FK8,S5VQF5	138	139
Strep_C45186	Strep_C45186A21	2	0.014285714285714285	A0A3Q8VWD9	A0A6C0Q7D1	D7BXD9,Q82I36,A0A089Z316	123	124
Strep_C4533	Strep_C4533A0	1	0.007142857142857143	D7CEZ6	A0A3S9Y8K6	Q82AB6,S5VEL1,A0A0B5DAG3	143	136
Strep_C4548	Strep_C4548A0	1	0.007142857142857143	D7BST9	A0A6I6WMH8	Q828K2,S5VJC6,A0A5P2C3W4	162	139
Strep_C45700	Strep_C45700A0	1	0.007142857142857143	D7CD70	Q82AM5	A0A221NVT5,A0A6G9H4C3,A0A6M4PN08	127	127
Strep_C45716	Strep_C45716A0	1	0.007142857142857143	D7C3G6	J1S2S7	Q82CH0,S5VGG0,A0A5P8K2M5	133	133
Strep_C45954	Strep_C45954A35	2	0.014285714285714285	A0A7H8ZXD1	C9YY81	Q829U7,G2NH22,A0A0A8EYL8	121	122
Strep_C46060	Strep_C46060A38	2	0.014285714285714285	A0A1V0U6Z7	A0A0F7CMU1	D7BWW4,Q827T3,S5UN18	139	140
Strep_C46300	Strep_C46300A14	2	0.014285714285714285	A0A0F7NAX3	A0A0F7G0R1	A0A3G4W2E0,B4V8P2,D7C8J9	131	132
Strep_C46302	Strep_C46302A0	1	0.007142857142857143	D7BWT9	A0A1D8FXK2	Q827R0,S5UZJ4,A0A5J6HV81	140	140
Strep_C47375	Strep_C47375A9	2	0.014285714285714285	A0A6N9V5M1	A0A7H8NBP2	D7BS77,Q82DH5,S5UZU7	138	139
Strep_C4773	Strep_C4773A31	3	0.02142857142857143	A0A1U9P1F9	B1W442	A0A0C5GG16,A0A0F7VRP8,B4V509	132	140
Strep_C47962	Strep_C47962A106	2	0.014285714285714285	A0A6G5RI44	Q82EQ5	A0A0F7VZ79,A0A0C5G387,A0A0M5J1J8	129	135
Strep_C48243	Strep_C48243A16	2	0.014285714285714285	A0A3Q8UM72	A0A0K2AN49	B4V863,A0A3G4W1N5,A0A1U9R1C5	133	140
Strep_C48394	Strep_C48394A0	1	0.007142857142857143	D7BX61	A0A5P2W5F3	Q82DG1,S5USA3,A0A5J6I091	140	140
Strep_C48491	Strep_C48491A16	2	0.014285714285714285	A0A0F7NB53	I2N5Z3	D7CHI8,Q82J01,S5UX07	139	140
Strep_C48495	Strep_C48495A20	4	0.02857142857142857	A0A0U2SZJ6	J1RP15	A0A346C279,A0A0N6ZK18,A0A3S8XQX2	130	140
Strep_C48944	Strep_C48944A0	1	0.007142857142857143	D7CH02	A0A7H8N306	Q826P2,A0A089WZU7,A0A6G5R8U5	126	126
Strep_C49124	Strep_C49124A15	2	0.014285714285714285	A0A0C5FUU1	A0A0F7CN42	A0A7H8ZYP7,A0A1V0U797,A0A5P2BDS7	136	140
Strep_C49376	Strep_C49376A24	3	0.02142857142857143	A0A5P9WLG6	A0A3G4VYY6	A0A1L6PIE0,B1W416,A0A7H0NIT1	127	140
Strep_C49773	Strep_C49773A0	1	0.007142857142857143	D7CBI7	A0A7L7M7Q7	Q82K14,S5UXW6,A0A5P2UHP4	134	134
Strep_C49825	Strep_C49825A0	1	0.007142857142857143	D7BQI5	A0A0A8EJY5	Q82IK5,S5V932,A0A5J6I7S0	140	140
Strep_C50344	Strep_C50344A18	2	0.014285714285714285	A0A3G4VTG2	A0A7H8N4W5	A0A3S8XVU7,A0A0N6ZPM6,A0A5P2DGR4	136	140
Strep_C50672	Strep_C50672A16	2	0.014285714285714285	A0A3Q8UXE1	D7BQR0	A0A1W5YZE7,A0A0M3QM81,A0A6N9VCU4	135	137
Strep_C50681	Strep_C50681A0	1	0.007142857142857143	D7C3H3	G2NKK2	Q82CG5,A0A221NX11,A0A7H8IRI6	121	121
Strep_C50979	Strep_C50979A5	2	0.014285714285714285	A0A222SRZ1	B1W264	Q828U3,G2NBC4,A0A089YV85	130	131
Strep_C50999	Strep_C50999A14	2	0.014285714285714285	A0A0C5FW78	A0A0A8EIV4	A0A0M4DTI8,A0A1W5YW32,A0A5P2DPW1	135	138
Strep_C51168	Strep_C51168A0	1	0.007142857142857143	D7C588	A0A5P2DHL0	Q82BY8,S5UQY7,A0A5P9WQZ9	139	139
Strep_C51602	Strep_C51602A0	1	0.007142857142857143	D7BWV0	G2P325	Q827S0,S5UZL0,A0A5P2BKU6	156	140
Strep_C51727	Strep_C51727A18	2	0.014285714285714285	A0A3G4W038	A0A2Z5JKN3	A0A7R8P0N3,A0A1L6PEY5,D7C6J4	137	139
Strep_C51744	Strep_C51744A0	1	0.007142857142857143	D7BXT0	A0A1D8G0T4	Q82CX7,S5UVI8,A0A5P8K316	135	135
Strep_C52163	Strep_C52163A9	2	0.014285714285714285	A0A6N9V893	A0A7H1PXL5	D7CCA5,Q82JS5,S5VVW9	138	139
Strep_C52236	Strep_C52236A0	1	0.007142857142857143	D7C8L0	A0A0F7VUY4	Q82KI8,S5UY95,A0A5P2UNW5	135	135
Strep_C52250	Strep_C52250A9	5	0.03571428571428571	A0A7R8NRE1	A0A1B1MCY9	A0A5P2BE44,A0A0C5G3P6,A0A0F7W224	126	140
Strep_C52494	Strep_C52494A17	2	0.014285714285714285	A0A0F7N5U0	D7BX97	A0A1V0UAJ0,A0A7H8ZTT0,Q82HJ6	142	140
Strep_C52499	Strep_C52499A33	2	0.014285714285714285	A0A7G6XN68	Q82AL6	D7CD78,S5VKY2,A0A5J6IHM2	139	140
Strep_C52500	Strep_C52500A0	1	0.007142857142857143	D7CES8	C9YTV9	Q82AJ0,S5V1H4,A0A5P9WUG2	139	139
Strep_C52505	Strep_C52505A0	1	0.007142857142857143	D7BR28	B1W232	Q828W9,S5UNL2,A0A5P9WTB2	139	138
Strep_C52693	Strep_C52693A0	1	0.007142857142857143	D7BX37	A0A5P8JZ23	Q827Y5,A0A221NUI6,A0A6I6WMP9	130	130
Strep_C53012	Strep_C53012A19	2	0.014285714285714285	A0A6G9FC67	A0A5P8KEQ3	A0A0U3LPE7,A0A1L6PDZ0,A0A3S8XKF9	132	137
Strep_C53466	Strep_C53466A16	2	0.014285714285714285	A0A3S8VZR9	A0A0F7NFH1	A0A1W5YV01,A0A0M4DE77,D7C0P2	146	138
Strep_C53511	Strep_C53511A0	1	0.007142857142857143	D7C3M4	A0A1W7D0Z8	Q82C83,S5VG46,A0A5J6I906	140	140
Strep_C53629	Strep_C53629A0	1	0.007142857142857143	D7CIA7	A0A5J6FLK0	Q829F6,S5VDU2,A0A5J6HK30	141	138
Strep_C53665	Strep_C53665A0	1	0.007142857142857143	Q82E83	A0A6G9GYR8	G2NCG0,A0A089XF40,A0A5P8K9T7	136	136
Strep_C53857	Strep_C53857A16	2	0.014285714285714285	A0A0F7NBU5	A0A346C6Q5	D7CFW6,Q82JA9,S5UXC9	141	140
Strep_C53860	Strep_C53860A38	2	0.014285714285714285	A0A7H8ZU01	A0A1D8G183	D7BVR7,Q82D82,S5VHE5	139	140
Strep_C54011	Strep_C54011A18	2	0.014285714285714285	B4V1D5	G2PDG1	A0A7G1NM33,A0A143C5C5,A0A1U9QSE1	132	138
Strep_C54282	Strep_C54282A0	1	0.007142857142857143	D7C8Z9	A0A7G1P6G9	Q79Z51,S5VQR4,A0A5P9WMI3	139	139
Strep_C54345	Strep_C54345A38	2	0.014285714285714285	A0A7H8ZWN9	A0A0F7VY07	D7CGT9,Q829T3,S5USL0	138	139
Strep_C54517	Strep_C54517A18	2	0.014285714285714285	B4V1N4	A0A6I6WIG3	A0A7H8ZNQ8,A0A1V0UFP2,A0A5P2XH60	137	140
Strep_C54620	Strep_C54620A16	2	0.014285714285714285	A0A0C5G4T7	A0A8B1P2K8	B4V2Z0,A0A3G4W2A6,A0A0U3MG75	140	140
Strep_C54639	Strep_C54639A11	2	0.014285714285714285	N0CJY1	A0A221NVE7	A0A0F7N054,A0A3Q8UML1,A0A3G4VRE6	161	139
Strep_C54785	Strep_C54785A0	1	0.007142857142857143	D7BQQ7	A0A387HB72	Q82DR4,S5UVH5,A0A5J6IES5	140	140
Strep_C54926	Strep_C54926A41	2	0.014285714285714285	A0A7H9A024	A0A7T1TBE8	D7BWT7,Q827Q8,N0D489	145	140
Strep_C55133	Strep_C55133A38	2	0.014285714285714285	A0A7H8ZLR9	A0A5P2BSG0	D7C6H2,Q82L04,S5UYU8	139	140
Strep_C55357	Strep_C55357A0	1	0.007142857142857143	D7C5I3	A0A345HM14	Q82BQ5,A0A089XAW3,A0A5P8KHQ2	136	136
Strep_C55567	Strep_C55567A0	1	0.007142857142857143	D7C3L5	J1RL10	Q82C95,S5UUS6,A0A5P9WQW1	139	137
Strep_C55684	Strep_C55684A18	2	0.014285714285714285	A0A3G4VVN9	A0A0F7FW89	N0CX72,A0A7H8MNY7,D7CCN9	138	140
Strep_C55687	Strep_C55687A0	1	0.007142857142857143	D7BWX9	A0A0F7FP48	Q827U2,S5VD22,A0A5P9WV94	139	139
Strep_C55786	Strep_C55786A0	1	0.007142857142857143	D7CEP8	A0A6G9FGV6	Q82EL9,S5UUS8,A0A5J6IPC7	139	139
Strep_C56230	Strep_C56230A18	2	0.014285714285714285	A0A3G4VYD8	L8EMX2	A0A5P2CGX9,D7C1H9,Q82CR3	140	137
Strep_C56253	Strep_C56253A0	1	0.007142857142857143	D7C1A9	A0A0M5IWJ3	Q82GL4,S5USZ3,A0A5J6I6A3	139	139
Strep_C56510	Strep_C56510A0	1	0.007142857142857143	D7CHV0	I2N3U4	Q82E63,S5VSU2,A0A7L4Y4G7	135	135
Strep_C56596	Strep_C56596A22	2	0.014285714285714285	A0A1L6PLD3	A0A1H4Q6X9	D7CGD4,Q82EF2,S5UUW8	138	139
Strep_C56645	Strep_C56645A18	2	0.014285714285714285	A0A0G3UK75	A0A1D8G2D9	D7C341,Q82GD5,S5UT73	143	140
Strep_C57228	Strep_C57228A16	2	0.014285714285714285	A0A3Q8USK4	A0A1Z2L224	A0A0G3UP86,A0A3G4VX33,A0A1V0UEZ7	136	140
Strep_C57358	Strep_C57358A9	2	0.014285714285714285	A0A6N9VC20	A0A6I6WW17	D7CE34,Q82JJ9,S5VVP2	139	140
Strep_C57359	Strep_C57359A38	2	0.014285714285714285	A0A1V0UD41	A0A6C0Q5B1	D7CEF4,Q82FW8,S5VQ72	139	140
Strep_C57469	Strep_C57469A0	1	0.007142857142857143	D7BQI2	A0A0K2AYB9	Q82IK8,S5VM65,A0A5J6IFZ9	140	140
Strep_C57577	Strep_C57577A39	2	0.014285714285714285	A0A7H9A0S9	A0A3S8Y5N1	D7BYQ1,Q828A5,S5VJ64	151	140
Strep_C57708	Strep_C57708A33	2	0.014285714285714285	A0A7G6XIK4	A0A7R8NPK4	D7CGF1,Q82ED7,S5UUY0	139	140
Strep_C57788	Strep_C57788A0	1	0.007142857142857143	D7BS53	A0A1L7GIA4	Q82DK2,S5UVP2,A0A5J6I8P4	140	140
Strep_C57829	Strep_C57829A16	2	0.014285714285714285	A0A0F7VVT7	A0A345HNY5	A0A0M4DAI0,A0A6G9FH30,A0A7G6XI73	137	136
Strep_C57836	Strep_C57836A38	2	0.014285714285714285	A0A7H8ZP83	A0A0F7FY94	D7CE48,Q82JI2,S5VN00	139	140
Strep_C57998	Strep_C57998A84	3	0.02142857142857143	A0A5P2BAX5	A0A7T1TAW2	A0A0C5FZL8,A0A0F7VWB4,A0A3G4VQG2	131	140
Strep_C58173	Strep_C58173A20	2	0.014285714285714285	A0A3G4VZ23	A0A0F7FSU8	A0A0U3M0Q7,A0A1W5Z3F2,A0A1V0UAW1	143	140
Strep_C58254	Strep_C58254A9	2	0.014285714285714285	N0CGN1	A0A5J6HR44	D7C836,Q82NQ5,S5VH35	132	133
Strep_C58591	Strep_C58591A16	2	0.014285714285714285	A0A0F7ND28	A0A7T1T5E6	A0A7G6XGR3,A0A1L7GJA2,A0A7H8ZPK1	136	139
Strep_C58802	Strep_C58802A0	1	0.007142857142857143	D7C8K3	A0A5J6J4U9	Q82KJ6,S5V390,A0A5J6IBF8	140	139
Strep_C59046	Strep_C59046A0	1	0.007142857142857143	D7BSK5	A0A5B7UPC3	Q828P7,S5UNG0,A0A5P8KHF8	135	135
Strep_C59201	Strep_C59201A18	2	0.014285714285714285	A0A3G4VYE8	B1VW74	A0A5P2BA33,D7C1H4,Q79Z42	138	140
Strep_C59340	Strep_C59340A0	1	0.007142857142857143	D7CF06	A0A387HQF1	Q82AA5,S5UT18,A0A5J6HBQ9	141	140
Strep_C59683	Strep_C59683A0	1	0.007142857142857143	D7BTN3	A0A6I6WGM6	Q82HE2,S5V4N8,A0A5J6I1M0	140	140
Strep_C59836	Strep_C59836A103	2	0.014285714285714285	A0A1X4GTR3	A0A291QED8	A0A0G3UP55,A0A2K8PFR7,A0A0M4E4V5	132	140
Strep_C60512	Strep_C60512A4	3	0.02142857142857143	B1VSK3	A0A1I6TJI0	A0A5P2BWR8,A0A0F7VS78,A0A0C5FRB8	127	140
Strep_C60669	Strep_C60669A18	2	0.014285714285714285	A0A0G3UKG1	A0A385DB11	A0A7H8ZVM4,A0A1V0U9S0,D7BXM5	139	138
Strep_C60674	Strep_C60674A17	2	0.014285714285714285	A0A3G4VWZ7	A0A1D8G513	A0A0U3M591,A0A6N9VEB3,A0A0N6W5C0	132	137
Strep_C60714	Strep_C60714A38	2	0.014285714285714285	A0A7H8ZIY1	A0A5B8JHY5	A0A5P2BJR4,N0D2J0,A0A7H8MWS3	136	139
Strep_C6078	Strep_C6078A0	1	0.007142857142857143	D7CEY5	A0A7H8JMI2	Q82AC9,S5VKP1,A0A5P9WSA5	138	138
Strep_C60793	Strep_C60793A0	1	0.007142857142857143	D7CHY8	A0A7G1P3T5	Q82E15,S5UV57,A0A5J6I6X1	140	139
Strep_C61247	Strep_C61247A0	1	0.007142857142857143	D7CI76	A0A6C0PZL4	Q829K8,S5UNY0,A0A6I6SAS7	130	130
Strep_C61330	Strep_C61330A0	1	0.007142857142857143	D7BV93	G2P348	Q827P7,S5UR89,A0A5J6I0J4	140	140
Strep_C61445	Strep_C61445A0	1	0.007142857142857143	D7C604	A0A5P2XJS2	D7CGS9,L8EG02,A0A3Q8VX80	185	140
Strep_C61578	Strep_C61578A18	2	0.014285714285714285	A0A3G4VRC4	J1RFQ8	A0A7H9A0V1,A0A1V0U6S0,D7BYV2	138	140
Strep_C62304	Strep_C62304A15	2	0.014285714285714285	A0A0C5G088	A0A7H8H091	A0A3Q8UP55,A0A0F7N1G4,A0A3G4VU50	135	140
Strep_C62351	Strep_C62351A38	2	0.014285714285714285	A0A7H8ZN92	I2N5Q0	A0A516RLN0,D7BQG3,Q82IM6	136	138
Strep_C62352	Strep_C62352A15	2	0.014285714285714285	N0D3G9	A0A7G3UDL3	B4V1A7,A0A3G4W1J5,D7BRQ1	216	140
Strep_C62439	Strep_C62439A18	2	0.014285714285714285	B4V657	A0A1H4WH39	A0A1V0U687,A0A7H8ZYJ0,D7BWU5	137	139
Strep_C62628	Strep_C62628A18	2	0.014285714285714285	A0A3G4W1P3	A0A7G1P0L9	A0A0U3KQ63,A0A1L6PFQ9,A0A6N9VQJ5	137	140
Strep_C62658	Strep_C62658A37	2	0.014285714285714285	A0A7H9A0T7	Q82AB3	A0A516RKT4,G2NBM6,A0A089YWB5	135	137
Strep_C62694	Strep_C62694A0	1	0.007142857142857143	D7BQY4	A0A0M4DNP8	Q829C1,S5US27,A0A5P2USH0	135	135
Strep_C63648	Strep_C63648A64	3	0.02142857142857143	A0A516RA64	A0A6I6WXT0	A0A6G5RFQ0,A0A7G1NET5,A0A3G4VV34	131	139
Strep_C63703	Strep_C63703A16	2	0.014285714285714285	A0A3Q8UR86	A0A7G1P306	A0A7H8ZR84,A0A1V0UCJ3,A0A5P2BIQ9	137	139
Strep_C63847	Strep_C63847A0	1	0.007142857142857143	D7BQM9	A0A5P2BYK9	Q82DU2,N0D0F4,A0A5P2BE66	157	139
Strep_C63929	Strep_C63929A0	1	0.007142857142857143	D7BXA6	A0A7G1NYU8	Q82HH8,S5V4K9,A0A5J6IAV7	139	139
Strep_C64102	Strep_C64102A0	1	0.007142857142857143	D7C8N4	A0A2K9FE21	Q82FJ3,S5V5Y0,A0A5J6I5G8	140	140
Strep_C64197	Strep_C64197A0	1	0.007142857142857143	D7CER7	A0A7H8N4S6	Q82AK1,S5VKW6,A0A5J6I0D1	140	140
Strep_C64308	Strep_C64308A39	2	0.014285714285714285	A0A7H9A0M1	A0A1U9R0N1	D7BWX2,Q820F3,S5VJ05	138	138
Strep_C64801	Strep_C64801A0	1	0.007142857142857143	Q82IS6	B1W1C5	G2NIZ4,A0A089Z3P9,A0A5P8KAD4	134	134
Strep_C64881	Strep_C64881A4	3	0.02142857142857143	A0A1L6PU83	A0A291QFV3	A0A0F7NB62,A0A3S8VVM3,A0A3G4W3Z3	130	139
Strep_C64942	Strep_C64942A38	2	0.014285714285714285	A0A1V0U6L7	A0A387HQZ1	A0A5P2B8A2,D7BSR8,Q828M8	138	140
Strep_C65626	Strep_C65626A0	1	0.007142857142857143	D7BRH3	A0A089WZC6	Q82N30,A0A0A8EUG7,A0A6G5R9Q6	125	125
Strep_C65637	Strep_C65637A0	1	0.007142857142857143	D7BZY8	A0A0F7VMJ9	Q82MG3,S5V028,A0A5P8KFA0	135	135
Strep_C66133	Strep_C66133A18	2	0.014285714285714285	A0A3G4VRC2	A0A7G1PDQ1	A0A516R656,D7CER5,Q82AK3	139	140
Strep_C66171	Strep_C66171A21	2	0.014285714285714285	A0A1W5Z7N9	I2MUN3	D7BZW7,Q826Q4,S5VI25	139	140
Strep_C66482	Strep_C66482A18	2	0.014285714285714285	B4V7W2	S5UP79	N0CJZ6,A0A6N9VGF9,D7CGR6	137	139
Strep_C66487	Strep_C66487A15	2	0.014285714285714285	A0A0C5FVB0	A0A089X9Y8	B4V3C4,A0A3G4VR96,A0A1L7GD04	129	140
Strep_C66673	Strep_C66673A16	2	0.014285714285714285	A0A3Q8UPN7	A0A6I6WHH7	A0A1W5Z3J5,A0A0M4DYK2,A0A7H8ZVK0	136	140
Strep_C66741	Strep_C66741A9	2	0.014285714285714285	N0CZK9	A0A7G1P1M7	D7C308,Q82GG2,S5UWX6	137	138
Strep_C66743	Strep_C66743A18	2	0.014285714285714285	B4V7R3	A0A7G1P2T6	A0A7H8ZS84,A0A1V0UCR4,D7C709	138	140
Strep_C66780	Strep_C66780A0	1	0.007142857142857143	D7BQM1	A0A0A8EP39	Q82DV4,S5UZD6,A0A5J6IE83	140	140
Strep_C66793	Strep_C66793A81	3	0.02142857142857143	A0A5P2BEB1	A0A0K2AQV7	N0CUC6,A0A6N9VGE2,A0A0F7W3R2	129	137
Strep_C66870	Strep_C66870A0	1	0.007142857142857143	D7CCX3	A0A345I0F1	Q82AV9,A0A089X2M9,A0A6M4WLN9	122	122
Strep_C67091	Strep_C67091A24	2	0.014285714285714285	A0A0N6ZHM0	A0A1U9QQI9	A0A516RDF2,A0A5P2CRY7,A0A6N9V512	136	140
Strep_C67137	Strep_C67137A0	1	0.007142857142857143	D7CEP9	A0A2Z5JE92	Q82EL8,S5V6S6,A0A5P9WLT3	137	137
Strep_C67237	Strep_C67237A0	1	0.007142857142857143	D7BRU2	A0A6I6WU77	Q82IE8,S5UWE7,A0A5Q0LBS6	143	140
Strep_C67283	Strep_C67283A15	2	0.014285714285714285	A0A0C5GCL2	A0A7G1NCC8	B4V3N4,A0A3G4VSA1,A0A0M4E8J0	132	140
Strep_C67355	Strep_C67355A0	1	0.007142857142857143	D7CCD3	A0A0K2AZC7	Q82JN6,S5VVS5,A0A5P9WIP4	140	139
Strep_C6792	Strep_C6792A38	2	0.014285714285714285	A0A1V0UGT4	A0A1D8G655	D7BQB4,Q82IS8,S5UWU8	133	134
Strep_C68023	Strep_C68023A108	2	0.014285714285714285	A0A1X4GTZ8	A0A5P2CJY6	A0A7R8RUC8,A0A6N9VCN4,A0A1L6PHI5	138	139
Strep_C68141	Strep_C68141A22	2	0.014285714285714285	A0A0U3D7A3	N0CVW0	A0A3Q8VUX5,A0A0N6ZHC1,A0A7H8ZMA6	140	140
Strep_C68169	Strep_C68169A22	2	0.014285714285714285	A0A0U3BGF1	A0A1B1MGX5	A0A7H8ZPW0,A0A1V0UGW5,A0A5P2CLJ8	137	140
Strep_C68442	Strep_C68442A18	2	0.014285714285714285	A0A3G4W2V9	A0A0A8EJM0	D7BZA6,Q82HU1,S5VTU3	137	138
Strep_C68489	Strep_C68489A16	2	0.014285714285714285	A0A0F7ND78	A0A1S6J769	A0A0M5J416,A0A1W5YY19,D7BQ94	139	140
Strep_C68712	Strep_C68712A17	2	0.014285714285714285	A0A0C5G7Z9	D7BZ30	A0A0F7ND07,A0A3Q8UVZ0,Q82MK1	152	139
Strep_C68985	Strep_C68985A21	2	0.014285714285714285	A0A0M4E1K1	C9Z6R1	A0A0U3KSM2,A0A1L6PDC8,A0A7H8ZIX7	133	136
Strep_C68994	Strep_C68994A16	3	0.02142857142857143	A0A0F7N9B5	G2NT91	A0A1V0UHI2,A0A7H8ZLR0,D7CBI8	132	135
Strep_C69306	Strep_C69306A38	2	0.014285714285714285	A0A7H8ZQI6	G2P9Y8	A0A6N9VJM8,N0CYY4,D7CCR7	130	132
Strep_C69558	Strep_C69558A0	1	0.007142857142857143	D7CE12	A0A7H8JX99	Q82JK6,S5VN17,A0A5J6IDV5	139	139
Strep_C69768	Strep_C69768A32	3	0.02142857142857143	A0A1U9NZI5	A0A2K9FB90	A0A5P2CJ82,A0A3G4VX24,A0A0G3UKC3	130	139
Strep_C69832	Strep_C69832A0	1	0.007142857142857143	D7CGT1	A0A5P2W5V1	Q829U3,S5USM3,A0A5J6HGA1	141	140
Strep_C70104	Strep_C70104A36	2	0.014285714285714285	A0A7H9A110	A0A5J6GR88	D7BSS0,Q828M6,A0A089X6F3	129	130
Strep_C70242	Strep_C70242A16	3	0.02142857142857143	A0A3S8W193	G2NWX8	A0A7H0NPQ7,B1VY53,A0A5P2CSQ0	132	136
Strep_C70510	Strep_C70510A0	1	0.007142857142857143	D7CGQ7	D7CGQ7	Q829Y3,S5V131,A0A5Q0LIU4	143	139
Strep_C70516	Strep_C70516A9	2	0.014285714285714285	A0A7H8MMM1	C9Z7B7	D7C3I1,Q82CF3,S5URB7	139	140
Strep_C70530	Strep_C70530A0	1	0.007142857142857143	D7BSR7	G2P6B7	Q828M9,S5UZZ6,A0A5J6HYU6	140	140
Strep_C70647	Strep_C70647A0	1	0.007142857142857143	D7C4T8	A0A1D8G8Q2	Q82L76,A0A089XB29,A0A5J6JE37	145	120
Strep_C70648	Strep_C70648A21	3	0.02142857142857143	A0A0M4DUF8	A0A2K9EPV6	A0A0U3MJ73,A0A7H8ZLZ1,A0A0N6ZIC4	136	140
Strep_C70965	Strep_C70965A39	2	0.014285714285714285	A0A7H9A0R3	A0A344TYP2	D7BYQ2,Q828A6,S5URK7	146	140
Strep_C71198	Strep_C71198A0	1	0.007142857142857143	D7C1D1	A0A0A8ERB3	Q82GJ5,S5VIB9,A0A6I6FAD5	130	130
Strep_C71437	Strep_C71437A24	2	0.014285714285714285	A0A3S8XSX2	A0A7H8JTQ1	A0A7H8ZV77,A0A1V0UAL2,A0A2Z5K1W2	137	140
Strep_C71530	Strep_C71530A34	2	0.014285714285714285	A0A1V0UMD6	N0CYT0	Q82MN2,G2NMN5,A0A221P6Y7	122	123
Strep_C71657	Strep_C71657A16	3	0.02142857142857143	A0A2K9FBY9	A0A5B7UP28	A0A1V0U6I6,A0A7H9A0W8,A0A6N9VKR2	130	134
Strep_C71892	Strep_C71892A106	2	0.014285714285714285	A0A7L4ZA26	A0A0K2AXU1	A0A0F7NCL0,A0A3S8VUW3,A0A7H9A142	138	140
Strep_C72168	Strep_C72168A34	11	0.07857142857142857	A0A291Q8E6	G2NHF0	A0A5J6JJT8,A0A344UA20,A0A1V0R4S8	86	140
Strep_C72197	Strep_C72197A42	2	0.014285714285714285	A0A1W5Z7M5	A0A221P392	A0A3S8XN13,A0A0N6ZIL8,A0A1D7VT81	267	140
Strep_C72209	Strep_C72209A31	2	0.014285714285714285	A0A1D7VSW3	A0A0F7NAG8	A0A7H8ZM14,A0A1V0UH05,D7CCA6	137	138
Strep_C72214	Strep_C72214A0	1	0.007142857142857143	D7C1S1	A0A0F7VS75	Q826M8,N0CQM5,A0A5J6FG15	143	134
Strep_C72344	Strep_C72344A65	2	0.014285714285714285	A0A516RCJ6	A0A3Q9FYB7	D7BXG2,Q82I19,S5UW66	138	139
Strep_C73233	Strep_C73233A16	2	0.014285714285714285	A0A3S8VS56	B1VMD7	A0A1V0UC37,A0A7H8ZRC7,D7CCR4	138	140
Strep_C73487	Strep_C73487A16	2	0.014285714285714285	A0A3Q8UQE3	A0A6I6WVQ7	D7C4V9,Q82G70,S5UX83	139	140
Strep_C73507	Strep_C73507A0	60	0.42857142857142855	A0A1W5YZ56	A0A7H8IMQ1	A0A0D4DRW8,L8EXN1,A0A2R4T6Q3	50	140
Strep_C73584	Strep_C73584A58	2	0.014285714285714285	A0A516R8B6	B1VUX1	Q82DC4,G2NC91,A0A0A8EQD1	125	126
Strep_C73747	Strep_C73747A113	2	0.014285714285714285	A0A7L4Z367	A0A345HQJ3	A0A0F7N7Y7,A0A3S8VRP4,N0CXV9	145	140
Strep_C74347	Strep_C74347A65	3	0.02142857142857143	A0A516R5C3	A0A0A8EYN4	D7CGU7,Q829S0,S5VE39	138	140
Strep_C74396	Strep_C74396A0	1	0.007142857142857143	D7CHL1	A0A1B1MKW8	Q82M29,S5VQJ3,A0A5J6HR75	138	133
Strep_C74600	Strep_C74600A9	2	0.014285714285714285	N0CWJ1	A0A6C0Q8L5	D7CHC5,Q82J28,S5V9K2	134	135
Strep_C74745	Strep_C74745A22	3	0.02142857142857143	A0A0N6ZR30	A0A0A8EUV2	A0A5P2CCV1,A0A6N9V2L6,A0A7H0NS85	123	137
Strep_C74995	Strep_C74995A83	3	0.02142857142857143	A0A5P2BIZ5	A0A7L4Y7B2	A0A0U3KDY5,A0A1L6PDX7,A0A516RFU2	131	136
Strep_C75502	Strep_C75502A0	1	0.007142857142857143	D7C582	A0A0F7N4T1	Q82BZ6,S5V2N4,A0A5J6I8Y4	139	139
Strep_C75832	Strep_C75832A9	3	0.02142857142857143	N0CNH2	G2NH33	A0A0F7W623,A0A0C5FUZ9,B4V7V8	132	139
Strep_C7597	Strep_C7597A0	1	0.007142857142857143	D7CA75	G2NPQ9	Q82KE2,S5V2Z7,A0A5J6I759	140	140
Strep_C76134	Strep_C76134A0	1	0.007142857142857143	D7BVI4	A0A6I6RV74	Q82DE2,S5UVX8,A0A5J6I595	140	140
Strep_C76149	Strep_C76149A35	2	0.014285714285714285	A0A1V0U793	A0A7H8IUC3	Q828E7,G2N9K8,A0A221NUJ8	127	128
Strep_C76491	Strep_C76491A0	1	0.007142857142857143	D7CFV1	A0A5J6J4K4	Q82JC5,S5V9W2,A0A5J6I943	140	140
Strep_C77031	Strep_C77031A18	2	0.014285714285714285	B4VBM1	I2N1A3	A0A6N9V9Y1,N0D0R2,D7C4Z3	138	140
Strep_C77241	Strep_C77241A0	1	0.007142857142857143	D7BU70	A0A5P2B6W0	Q828F5,S5VJ97,A0A5J6ICW1	140	140
Strep_C77242	Strep_C77242A0	1	0.007142857142857143	D7C1H5	A0A5P2BAB8	Q82CR7,S5V3N3,A0A5P8K492	134	134
Strep_C77469	Strep_C77469A11	2	0.014285714285714285	A0A6N9VM82	A0A0A8EW02	A0A0C5FN17,A0A0F7W6T2,A0A7H8ZYT7	139	140
Strep_C77480	Strep_C77480A38	2	0.014285714285714285	A0A7H8ZP10	A0A0F7N8M0	D7BZD3,Q82HS2,S5UVX6	138	139
Strep_C77898	Strep_C77898A0	1	0.007142857142857143	D7BRI5	A0A0F7N187	Q82N23,L8EE33,A0A5P2C501	162	140
Strep_C78341	Strep_C78341A18	2	0.014285714285714285	A0A3G4VP62	A0A0M3QP20	D7BRF9,Q827I0,S5UZ84	135	136
Strep_C78692	Strep_C78692A26	2	0.014285714285714285	A0A0F7VLM8	Q82DA2	B4VCS8,A0A3G4W1I6,A0A7H8ZKX6	237	140
Strep_C78892	Strep_C78892A21	4	0.02857142857142857	A0A0M4DUW0	A0A5B7UU92	A0A1L7GEZ2,A0A1U9NYG6,A0A7G6XL84	129	140
Strep_C78985	Strep_C78985A33	2	0.014285714285714285	A0A7G6XJT3	A0A6I6WHK9	A0A1V0UCK7,A0A7H8ZRC9,A0A222SXJ0	136	140
Strep_C79298	Strep_C79298A37	2	0.014285714285714285	A0A1V0U9J5	A0A5B7UTE0	D7C6C0,Q82CK0,S5VGN0	132	133
Strep_C79329	Strep_C79329A22	2	0.014285714285714285	A0A1L6PEC0	A0A3S9Z8L7	A0A7H8ZK23,A0A1V0UJ14,A0A5P2CRF9	129	132
Strep_C79333	Strep_C79333A0	1	0.007142857142857143	D7BQR2	A0A387HCB5	Q82DR0,S5UVI1,A0A5J6I420	140	140
Strep_C79334	Strep_C79334A21	2	0.014285714285714285	A0A3G4VVX1	A0A387HS87	A0A1L7GF73,A0A7G6XL43,A0A1V0UB38	158	139
Strep_C7936	Strep_C7936A0	1	0.007142857142857143	D7BU65	A0A0U3PVP1	Q828H4,S5UNA6,A0A5J6I138	140	140
Strep_C7945	Strep_C7945A0	1	0.007142857142857143	D7C5I5	A0A3S8VMW3	Q82BQ0,S5VLZ2,A0A5J6HY53	140	140
Strep_C7981	Strep_C7981A0	1	0.007142857142857143	D7BVP3	A0A0U3PRT4	Q82DB1,N0CN14,A0A5J6GSC6	149	140
Strep_C79839	Strep_C79839A0	1	0.007142857142857143	D7C4T4	A0A6C0QBX3	Q81ZI7,N0D194,A0A514JLQ7	175	140
Strep_C79954	Strep_C79954A18	2	0.014285714285714285	A0A0G3UJV7	G2P9H0	D7C310,Q82GG0,S5UT45	133	134
Strep_C79974	Strep_C79974A0	1	0.007142857142857143	D7CAG2	A0A0A8EHF6	Q82K56,S5V2N7,A0A6I6F624	133	133
Strep_C80006	Strep_C80006A0	1	0.007142857142857143	Q82JN0	A0A0U3QLE1	G2NFP6,A0A0C5G6T8,A0A7H8ZN46	115	115
Strep_C80165	Strep_C80165A0	1	0.007142857142857143	D7CGT6	A0A387HID3	Q829T7,S5VK43,A0A5J6HWN6	140	140
Strep_C80376	Strep_C80376A0	1	0.007142857142857143	D7C0X7	A0A089XJV3	Q82M23,N0D6H1,A0A0B5DHX9	144	134
Strep_C8079	Strep_C8079A38	2	0.014285714285714285	A0A7H8ZVJ7	A0A0A8EX95	A0A6N9VGC2,N0CMT8,D7C976	137	139
Strep_C80937	Strep_C80937A29	2	0.014285714285714285	A0A1L7GH93	A0A3S9PJR3	D7C721,Q82FK9,A0A221P0A8	130	131
Strep_C80955	Strep_C80955A17	2	0.014285714285714285	A0A3G4VU67	A0A3Q9K9C5	A0A7G6XMS2,A0A1L7GDK2,A0A5J6GL30	132	135
Strep_C81194	Strep_C81194A18	2	0.014285714285714285	B4VG44	B4VG44	A0A0M3QMF1,A0A1W5Z094,D7C345	138	140
Strep_C81272	Strep_C81272A23	2	0.014285714285714285	A0A3Q8VTX9	A0A2S1SVG0	A0A1V0UF77,A0A7H8ZRH4,D7BQN7	137	139
Strep_C82286	Strep_C82286A107	2	0.014285714285714285	A0A426SB66	A0A7G1NPJ8	D7CA87,Q82KC8,S5UY53	139	140
Strep_C82728	Strep_C82728A4	3	0.02142857142857143	A0A1L6PRF6	C9Z638	A0A7D5ZF80,A0A3R8QGM2,A0A0C5FTY5	127	140
Strep_C82777	Strep_C82777A18	2	0.014285714285714285	A0A0G3UHP1	A0A0F7VVM2	A0A7H8ZX07,A0A1V0U7N1,D7CF00	137	139
Strep_C82913	Strep_C82913A0	1	0.007142857142857143	D7BQX2	A0A1D8G4Y5	Q82DM1,S5VKZ6,A0A5P8KAI7	135	135
Strep_C82968	Strep_C82968A0	1	0.007142857142857143	D7C6E5	A0A5R9M208	Q82L66,S5VPL6,A0A7L4Y6K3	134	134
Strep_C83009	Strep_C83009A0	1	0.007142857142857143	D7BZ27	A0A6I6WEY4	Q82MK4,A0A221P5R0,A0A7L4Y7V7	135	130
Strep_C83045	Strep_C83045A0	1	0.007142857142857143	D7BQL2	A0A7H8IKU7	Q82DX2,S5V7E7,A0A5P2UK56	135	135
Strep_C83120	Strep_C83120A0	1	0.007142857142857143	D7C156	A0A7T1T8A7	Q82GQ1,S5VI67,A0A5J6HJN5	142	140
Strep_C83122	Strep_C83122A15	2	0.014285714285714285	A0A0C5GHF3	A0A7T1T517	B4V2N2,A0A3G4VYL1,A0A0M4D488	126	140
Strep_C83574	Strep_C83574A104	2	0.014285714285714285	A0A7L4YXH8	Q82AI3	A0A0C5G0J7,A0A0F7W5P0,A0A0M4DWB4	133	140
Strep_C83585	Strep_C83585A0	1	0.007142857142857143	D7C730	C9ZC16	Q82FK3,A0A089X5U6,A0A7L4Z620	129	129
Strep_C83707	Strep_C83707A15	2	0.014285714285714285	A0A0F7VTI6	A0A291Q970	D7BXQ6,Q82D23,S5VNF5	139	140
Strep_C84177	Strep_C84177A38	2	0.014285714285714285	A0A1V0UG28	A0A2S1SW89	D7BXE3,Q82I31,S5UW72	138	139
Strep_C84345	Strep_C84345A8	2	0.014285714285714285	N0CYB4	A0A6C0Q9T6	D7C8F3,Q82KP8,A0A089XAQ8	135	136
Strep_C84366	Strep_C84366A23	2	0.014285714285714285	A0A346C765	A0A7L5T117	A0A1V0UHH5,A0A7H8ZMW3,A0A516RE42	133	137
Strep_C84374	Strep_C84374A0	1	0.007142857142857143	D7BU32	A0A7H8ZUR6	Q82H67,S5VHV5,A0A5J6I1S4	141	140
Strep_C84422	Strep_C84422A63	2	0.014285714285714285	A0A2K9EX19	D7C1I0	Q82CR2,S5V3M7,A0A5P2UQB0	138	139
Strep_C84750	Strep_C84750A18	2	0.014285714285714285	B4V2K0	A0A7H8H3M1	A0A2S2GBH9,G2NPF0,A0A0M5IQX8	133	140
Strep_C84772	Strep_C84772A125	2	0.014285714285714285	A0A5P2BGJ8	A0A7H0HUK3	A0A3G4W0W7,A0A0G3UKK5,A0A1L6PKC5	195	139
Strep_C84859	Strep_C84859A9	2	0.014285714285714285	N0CJL5	A0A8A1V4I8	D7BXY6,Q827D2,S5VCF4	139	140
Strep_C85056	Strep_C85056A18	2	0.014285714285714285	A0A3G4VUI2	A0A387HMI1	D7C4V2,Q82G61,S5UTD8	140	140
Strep_C85214	Strep_C85214A15	2	0.014285714285714285	A0A0F7VNK7	A0A7T1T521	A0A3G4VYJ7,B4V2L1,A0A7H8ZPI4	136	139
Strep_C85625	Strep_C85625A0	1	0.007142857142857143	D7C597	A0A7M2TEE4	Q82BX8,S5VM45,A0A5J6HYR3	139	139
Strep_C85685	Strep_C85685A116	2	0.014285714285714285	A0A6N9VND4	A0A0A8EXP3	A0A222STE5,G2NW81,D7CCX0	137	139
Strep_C86077	Strep_C86077A0	1	0.007142857142857143	D7C5H0	D7C5H0	Q82BS1,S5VM01,A0A5J6IP12	140	140
Strep_C86401	Strep_C86401A0	1	0.007142857142857143	D7CCA1	A0A6I6WV31	Q826I8,S5VA87,A0A5J6I6M9	140	140
Strep_C8672	Strep_C8672A0	1	0.007142857142857143	D7C3K7	A0A8A1UM52	Q82CA3,S5V318,A0A5J6I3K3	139	138
Strep_C86924	Strep_C86924A0	1	0.007142857142857143	D7C5P8	A0A7T7RG75	Q82N78,A0A089X133,A0A7L4YAR3	134	134
Strep_C87374	Strep_C87374A16	2	0.014285714285714285	A0A3S8VTP4	L8EK98	D7BQK7,Q82DX7,S5V7E1	139	140
Strep_C87708	Strep_C87708A0	1	0.007142857142857143	D7BWT4	A0A7G1PD35	Q827Q5,S5UZI3,A0A5P9WY53	138	138
Strep_C87802	Strep_C87802A8	2	0.014285714285714285	N0D5S8	A0A0F7NFJ3	A0A5P2CX94,D7BZ28,Q82MK3	134	136
Strep_C87923	Strep_C87923A30	2	0.014285714285714285	A0A1D7VSI9	A0A385D7Q3	A0A1V0UHS3,A0A7H8ZLK4,A0A516REG7	136	140
Strep_C88632	Strep_C88632A6	2	0.014285714285714285	G2P8D5	A0A0M4E0M3	A0A516R4T5,D7BSI3,Q828S6	136	138
Strep_C8871	Strep_C8871A0	1	0.007142857142857143	D7CD60	A0A5J6GNM5	Q82AN6,S5VL07,A0A0B5DGS3	147	136
Strep_C88737	Strep_C88737A21	3	0.02142857142857143	A0A0K2AXB3	A0A385DFR8	A0A3G4W2T9,A0A0G3UM84,A0A6G9FFY2	133	139
Strep_C89503	Strep_C89503A21	2	0.014285714285714285	A0A1W5YZ72	A0A1B1MFJ9	D7BQW4,Q82DM4,S5VTG3	139	140
Strep_C89737	Strep_C89737A18	2	0.014285714285714285	A0A3G4VQ31	A0A6I6RYG1	A0A1V0U6X1,A0A7H8ZYX3,D7BU52	136	138
Strep_C89923	Strep_C89923A21	3	0.02142857142857143	A0A0N6ZGZ3	A0A1B1MI61	A0A5J6IH13,A0A2N9B5V8,A0A2Z5KAS3	123	133
Strep_C90504	Strep_C90504A17	2	0.014285714285714285	A0A3G4VTV1	A0A5B7URE8	D7C982,Q82B99,S5UTY3	133	134
Strep_C91205	Strep_C91205A18	2	0.014285714285714285	B4V173	J1RSG3	A0A1V0UGA7,A0A7H8ZQ40,D7BQI0	137	139
Strep_C91485	Strep_C91485A0	1	0.007142857142857143	D7BSK1	A0A5J6HAM9	Q828Q1,A0A089X334,A0A6I6RYA0	128	128
Strep_C91725	Strep_C91725A9	4	0.02857142857142857	N0CK83	A0A1B1M7H9	A0A5P2B9C6,A0A0F7VVP0,A0A0C5GBM9	129	140
Strep_C92939	Strep_C92939A38	2	0.014285714285714285	A0A7H8ZLS1	Q82K44	A0A5P2CTN3,D7CAH4,S5VAJ4	135	137
Strep_C92962	Strep_C92962A160	2	0.014285714285714285	A0A6N9V659	A0A8A1UZK9	A0A1V0UAQ5,A0A7H8ZVM5,D7BXA2	180	138
Strep_C9309	Strep_C9309A0	1	0.007142857142857143	D7CBA9	A0A1Z2KX81	Q82LB4,S5VRM6,A0A5J6H9G4	139	138
Strep_C93616	Strep_C93616A0	1	0.007142857142857143	D7CET8	A0A1D8FZ71	Q82AH7,S5UPS3,A0A5J6IDX9	140	140
Strep_C93679	Strep_C93679A37	2	0.014285714285714285	A0A1U9NUJ2	A0A494UNN6	A0A1V0U6A5,A0A7H9A0D7,A0A3S8W5G1	140	140
Strep_C93727	Strep_C93727A21	2	0.014285714285714285	A0A0M4E7B5	A0A5J6HJ17	A0A6G5RES2,A0A143C0B8,A0A7H8ZTY0	136	140
Strep_C93939	Strep_C93939A18	2	0.014285714285714285	A0A0G3UHI8	A0A0K2AR62	A0A1V0U870,A0A7H8ZXI8,D7CD74	138	140
Strep_C94334	Strep_C94334A18	2	0.014285714285714285	A0A0G3UN07	N0CP44	A0A3S8XTS5,A0A0N6ZRA8,A0A222SWP7	137	140
Strep_C94501	Strep_C94501A0	1	0.007142857142857143	D7BZ69	A0A1D8FY26	Q79Z35,A0A089X8Q7,A0A7L4YXA8	128	127
Strep_C94506	Strep_C94506A20	5	0.03571428571428571	A0A1L6PNV0	A0A5B7USH1	A0A0C5FPQ6,A0A0F7W519,B4V4A5	128	139
Strep_C94635	Strep_C94635A18	2	0.014285714285714285	A0A3G4VS51	A0A6C0PXL0	A0A7H8ZXH0,A0A1V0U5K5,D7BRJ0	138	140
Strep_C94777	Strep_C94777A38	2	0.014285714285714285	A0A7H8ZNT5	N0CTU6	A0A1H4PEU6,G2P108,A0A516RCJ0	136	140
Strep_C94851	Strep_C94851A29	4	0.02857142857142857	A0A2Z5K9N8	A0A1W7CTK2	A0A2K9FC54,A0A3Q8UV39,A0A0F7NFD5	149	140
Strep_C95179	Strep_C95179A0	1	0.007142857142857143	D7BQH7	A0A0A8EIV6	Q82IL3,S5VM71,A0A5P9WLZ0	139	139
Strep_C9523	Strep_C9523A0	1	0.007142857142857143	D7CGX9	Q82MT6	S5UM31,A0A5J6I3W2,A0A5P9X0H7	138	138
Strep_C95485	Strep_C95485A0	1	0.007142857142857143	D7BS66	A0A6C0Q8E8	Q82DI3,S5VL29,A0A5P9WM27	138	138
Strep_C95625	Strep_C95625A15	2	0.014285714285714285	A0A0F7VLX3	A0A089XBT8	A0A1V0UMH4,A0A7H8ZLF0,A0A2K9ENF8	134	137
Strep_C95626	Strep_C95626A18	2	0.014285714285714285	A0A3G4VYW2	A0A0A8EP60	A0A6G5RJ78,A0A143C456,A0A1V0UEJ8	132	138
Strep_C95738	Strep_C95738A0	1	0.007142857142857143	D7CEP4	A0A1W7D5L9	Q82EM4,S5UUS5,A0A5J6I377	139	139
Strep_C95837	Strep_C95837A16	2	0.014285714285714285	A0A3S8VM14	A0A387HQZ3	A0A0M3QNG3,A0A1W5Z545,A0A0N6ZPF2	134	139
Strep_C96113	Strep_C96113A18	2	0.014285714285714285	A0A0M4DRI0	A0A0M4DYP1	P59689,G2NM25,A0A0A8EKT7	123	123
Strep_C96560	Strep_C96560A18	2	0.014285714285714285	B4V591	A0A0F7VP42	D7CCB8,Q82JR2,S5UXN2	138	139
Strep_C96719	Strep_C96719A11	6	0.04285714285714286	A0A0F7VQ09	A0A2K9FC48	B1W401,A0A0M4E4Z8,A0A1W5YZB5	105	140
Strep_C97084	Strep_C97084A18	2	0.014285714285714285	B4V1T1	A0A1U9QPV1	A0A1V0UHG3,A0A7H8ZMU5,G2PC99	136	140
Strep_C9753	Strep_C9753A0	1	0.007142857142857143	D7C3I0	A0A346C004	Q82CF5,S5V387,A0A5P2UUN1	138	138
Strep_C97621	Strep_C97621A22	2	0.014285714285714285	A0A0U3KGP6	A0A5P2X9W1	A0A7H8ZWR7,A0A1V0U8Y3,D7C3L8	137	139
Strep_C97903	Strep_C97903A51	2	0.014285714285714285	A0A1V0UJM9	L8ERT6	D7C2X5,Q82LQ7,A0A3S8VY24	180	137
Strep_C98195	Strep_C98195A6	3	0.02142857142857143	A0A1H4UGZ9	A0A6I6WVW0	A0A0F7NCA4,A0A3S8VWM8,A0A1L6PG25	134	140
Strep_C98376	Strep_C98376A19	2	0.014285714285714285	A0A3G4W0I3	A0A8A1UVQ6	A0A1W5YVU5,A0A0M3QLE9,D7C4T7	160	138
Strep_C98492	Strep_C98492A18	2	0.014285714285714285	A0A3G4W0H2	A0A1H4ZDY9	A0A1W5YZ90,A0A0M4DVR7,A0A1V0UFH2	139	140
Strep_C98557	Strep_C98557A37	2	0.014285714285714285	A0A1V0ULQ0	A0A1D8FZG0	Q82AL8,G2NDU7,A0A089XA43	136	136
Strep_C98605	Strep_C98605A18	2	0.014285714285714285	A0A0G3UMZ9	A0A387HB23	A0A6G9FHF4,A0A0M4D8Z1,A0A1L6PH58	135	140
Strep_C98727	Strep_C98727A106	2	0.014285714285714285	A0A1X4GR93	A0A6C0Q4C6	D7C3A6,Q82G51,S5VIS8	137	138
Strep_C98904	Strep_C98904A24	2	0.014285714285714285	A0A3Q8VWZ6	A0A0A8ETL7	A0A1V0UM19,A0A7H9A101,D7BST8	138	140
Strep_C99054	Strep_C99054A16	2	0.014285714285714285	A0A3G4VQC7	A0A1D8FYB4	D7BR18,Q828Y5,A0A089X6S4	130	131
Strep_C99086	Strep_C99086A38	2	0.014285714285714285	A0A7H8ZZ46	A0A3S9ZK79	D7BU51,Q828I8,S5UNB9	137	138
Strep_C99393	Strep_C99393A0	1	0.007142857142857143	Q825Z0	A0A0G3UVZ0	G2NRQ5,A0A0F7VTB9,A0A7L7MGC0	115	115
Strep_C99397	Strep_C99397A15	2	0.014285714285714285	A0A0C5G2L6	A0A0K2B019	A0A0F7NEX5,A0A3Q8UUR9,D7C8J3	136	138
Strep_C99704	Strep_C99704A38	2	0.014285714285714285	A0A1V0UGF7	A0A7G7BHS9	D7CFZ3,Q82J81,S5VMT5	139	140
