TermID	Name	Value	LogSize	Frequency	Uniqueness	Dispensability	Representative
"GO:0000027"	"ribosomal large subunit assembly"	2	5.042996609308023	0.27174813310071255	0.9198696493017531	0.73261597	null
"GO:0000028"	"ribosomal small subunit assembly"	1	4.884092676933343	0.1884781016628359	0.9220604296228688	0.86065111	null
"GO:0000103"	"sulfate assimilation"	1	4.645127399258391	0.10871549816971335	0.8344390371967854	0.5086417	null
"GO:0000105"	"L-histidine biosynthetic process"	6	5.04917148862561	0.27563953210468173	0.5920362418576145	0.62867971	null
"GO:0000160"	"phosphorelay signal transduction system"	10	5.924751582914166	2.069783687934709	0.9179206012638043	0.45918523	null
"GO:0000162"	"tryptophan biosynthetic process"	3	4.933962827883625	0.21141298839211184	0.6022000641758445	0.80683308	null
"GO:0000271"	"polysaccharide biosynthetic process"	2	5.492254581401757	0.7645872943681143	0.7274244321393281	0.80805893	null
"GO:0000716"	"transcription-coupled nucleotide-excision repair, DNA damage recognition"	1	3.9451730461739003	0.02169190349271398	0.7652815312962129	0.55821782	null
"GO:0000725"	"recombinational repair"	1	5.3311862923975815	0.5276648440676299	0.7342719376153277	0.75837893	null
"GO:0000902"	"cell morphogenesis"	1	5.360402160724579	0.5643833072815533	0.9958917552512419	0.68061426	null
"GO:0000917"	"division septum assembly"	4	4.592731766393962	0.09635950639240434	0.9347945555279839	0.47316826	null
"GO:0000967"	"rRNA 5'-end processing"	1	4.257606586392311	0.04454064286896087	0.6977150825349195	0.68194162	null
"GO:0001510"	"RNA methylation"	1	5.461833047775286	0.712861962256531	0.7465258640708106	0.83321918	null
"GO:0002181"	"cytoplasmic translation"	2	5.185799878745934	0.37754692803215667	0.7473930518871058	0.4591912	null
"GO:0002949"	"tRNA threonylcarbamoyladenosine modification"	1	4.542339840842044	0.08580276361693058	0.692288896478755	0.54095044	null
"GO:0005975"	"carbohydrate metabolic process"	10	6.322974310459075	5.177832504046095	0.8869811311991439	0.12158858	null
"GO:0005992"	"trehalose biosynthetic process"	1	4.3949592284862	0.06111047088586209	0.8262884910899542	0.65535056	null
"GO:0006002"	"fructose 6-phosphate metabolic process"	2	4.649763099462267	0.109882179465021	0.7732308868362925	0.40294827	null
"GO:0006006"	"glucose metabolic process"	1	5.290513185087556	0.4804905535489239	0.721066867029933	0.85960511	null
"GO:0006011"	"UDP-glucose metabolic process"	1	4.296840627340024	0.04875201775560941	0.6449114574767653	0.68768642	null
"GO:0006015"	"5-phosphoribose 1-diphosphate biosynthetic process"	1	4.400917723075448	0.06195471494554675	0.7268108468913279	0.63328272	null
"GO:0006021"	"inositol biosynthetic process"	1	3.9947569445876283	0.024315705730684374	0.7234329933270257	0.7224467	null
"GO:0006043"	"glucosamine catabolic process"	1	3.887392218971847	0.018989337960545596	0.8046920705434077	0.79103178	null
"GO:0006046"	"N-acetylglucosamine catabolic process"	1	4.2430876795053765	0.04307613786746707	0.7944570782167062	0.83232874	null
"GO:0006047"	"UDP-N-acetylglucosamine metabolic process"	1	4.685670096490273	0.11935346559232878	0.6178450608513447	0.76476001	null
"GO:0006065"	"UDP-glucuronate biosynthetic process"	1	4.07459704459004	0.029223643500396353	0.578999945181882	0.71531901	null
"GO:0006071"	"glycerol metabolic process"	2	4.863810423971668	0.17987813447759335	0.7291422092103987	0.45686356	null
"GO:0019563"	"glycerol catabolic process"	1	4.623166559760084	0.10335467145836294	0.684038582288015	0.93272843	6071
"GO:0006094"	"gluconeogenesis"	4	5.016272658165155	0.25553027855475857	0.6644854352206987	0.43837971	null
"GO:0006096"	"glycolytic process"	3	5.226434919292073	0.4145779830699283	0.46190106862081753	0.77390956	null
"GO:0006097"	"glyoxylate cycle"	1	4.278913574715962	0.046780474047716084	0.6999431729161952	0.50050081	null
"GO:0006098"	"pentose-phosphate shunt"	4	4.939973277254615	0.21435922786570524	0.568109943515579	0.63327987	null
"GO:0006740"	"NADPH regeneration"	1	5.0338739015808995	0.26609932809495074	0.5738421465195642	0.9374459	6098
"GO:0006099"	"tricarboxylic acid cycle"	10	5.302270305083983	0.4936760212682554	0.820565663544805	0.13254999	null
"GO:0006103"	"2-oxoglutarate metabolic process"	2	3.358315640082196	0.005614346064550162	0.7518938494985303	0.29379848	null
"GO:0006104"	"succinyl-CoA metabolic process"	1	4.11747016362012	0.0322560303270188	0.6263694060642393	0.79084831	null
"GO:0006106"	"fumarate metabolic process"	1	4.029708362514895	0.02635370596805725	0.7284737014210475	0.60866115	null
"GO:0006107"	"oxaloacetate metabolic process"	2	4.411030146797094	0.06341429724115318	0.7131043149514676	0.64841077	null
"GO:0006108"	"malate metabolic process"	1	4.516773278301586	0.0808972872001623	0.7085312811675495	0.66036972	null
"GO:0006144"	"purine nucleobase metabolic process"	1	5.071171096656961	0.2899621448839967	0.6333212518182575	0.85358934	null
"GO:0006145"	"purine nucleobase catabolic process"	1	4.483986464719332	0.07501465366475024	0.6314533428588999	0.89666266	null
"GO:0006164"	"purine nucleotide biosynthetic process"	1	5.761193877021937	1.420257259625133	0.5176485428706334	0.7776887	null
"GO:0006166"	"purine ribonucleoside salvage"	5	4.662086989741682	0.11304501799765886	0.5600624070373841	0.62088936	null
"GO:0006177"	"GMP biosynthetic process"	1	4.591554304100671	0.09609860298037351	0.5791024661286766	0.81057303	null
"GO:0006178"	"guanine salvage"	1	3.9955913242523535	0.024362471436614425	0.6378476099080197	0.81829875	null
"GO:0006183"	"GTP biosynthetic process"	2	4.511509038309229	0.07992259143446222	0.5862772779822255	0.69570413	null
"GO:0006189"	"'de novo' IMP biosynthetic process"	6	5.104217300599368	0.31288718620149786	0.5454996858822655	0.29648494	null
"GO:0006208"	"pyrimidine nucleobase catabolic process"	1	4.335878952134842	0.05333751828969839	0.6417311767313056	0.84958342	null
"GO:0006210"	"thymine catabolic process"	1	4.080410007155637	0.02961745997138628	0.6544150112518662	0.81439868	null
"GO:0006220"	"pyrimidine nucleotide metabolic process"	1	5.3476129465061275	0.5480054647942597	0.5786426344313456	0.82822506	null
"GO:0006225"	"UDP biosynthetic process"	1	4.155639633759776	0.03521949927121801	0.6043356194691011	0.79241852	null
"GO:0006260"	"DNA replication"	5	5.767837581402916	1.4421509940592292	0.7493183085020755	0.69969731	null
"GO:0006261"	"DNA-templated DNA replication"	2	5.552177685196805	0.8777086143070274	0.7547271128849498	0.65778236	null
"GO:0006265"	"DNA topological change"	3	4.868685573948292	0.18190875065613515	0.758979756236516	0.55282507	null
"GO:0006269"	"DNA replication, synthesis of primer"	1	4.615950051656401	0.10165141522133152	0.698888818983217	0.71865587	null
"GO:0006271"	"DNA strand elongation involved in DNA replication"	1	4.758995111589785	0.14130627249707356	0.7850994451481901	0.73960819	null
"GO:0006281"	"DNA repair"	10	6.065400806810804	2.8613720240950697	0.6931901659472237	0.2195564	null
"GO:0006289"	"nucleotide-excision repair"	1	5.093498730574553	0.3052594534290117	0.7454466600065903	0.71396672	null
"GO:0006298"	"mismatch repair"	1	4.94711989693841	0.21791588286933303	0.7518728587536344	0.68911364	null
"GO:0006302"	"double-strand break repair"	1	5.472820784475008	0.7311276624516326	0.7271351498907467	0.78757176	null
"GO:0006310"	"DNA recombination"	6	5.870739739053611	1.827734239452524	0.7439758404823216	0.72163856	null
"GO:0006351"	"DNA-templated transcription"	4	5.918800159642457	2.0416135034942102	0.6381492918093356	0.63163349	null
"GO:0006352"	"DNA-templated transcription initiation"	4	5.498863065954816	0.7763107184388958	0.6619488211752491	0.56411981	null
"GO:0006353"	"DNA-templated transcription termination"	3	4.865435641837405	0.1805525451841636	0.697115266812258	0.68221702	null
"GO:0006354"	"DNA-templated transcription elongation"	1	4.903979379363818	0.19730943602478507	0.6951848758349345	0.68767839	null
"GO:0006355"	"regulation of DNA-templated transcription"	16	6.655528356088988	11.135305937063894	0.9619884494543006	0.61193481	null
"GO:0006364"	"rRNA processing"	4	5.790004224727385	1.5176702250774354	0.6086689317832692	0.50253913	null
"GO:0006396"	"RNA processing"	3	6.2525248812610785	4.402491558667012	0.6123280363746614	0.72753381	null
"GO:0006397"	"mRNA processing"	1	5.689537048003264	1.2042316958165515	0.6463173939361205	0.8163752	null
"GO:0006400"	"tRNA modification"	2	5.619912080410342	1.0258525252816637	0.6315509403168569	0.82212064	null
"GO:0006402"	"mRNA catabolic process"	1	5.242163616633058	0.4298679075561123	0.6646541357503212	0.79769022	null
"GO:0006412"	"translation"	43	6.255454388144548	4.432288697403288	0.7046274006315116	0	null
"GO:0006415"	"translational termination"	1	4.785522021186003	0.15020652474144594	0.7332655338088332	0.76023961	null
"GO:0006422"	"aspartyl-tRNA aminoacylation"	1	4.23200448297183	0.04199068121930108	0.6554491569807418	0.61538041	null
"GO:0006423"	"cysteinyl-tRNA aminoacylation"	1	4.199782593968985	0.03898783062800288	0.6570337699949725	0.6124038	null
"GO:0006424"	"glutamyl-tRNA aminoacylation"	1	4.3858742739041965	0.059845335472806946	0.6476773175502617	0.64914285	null
"GO:0006426"	"glycyl-tRNA aminoacylation"	1	4.265666699452483	0.04537504151687078	0.6537781172026559	0.637141	null
"GO:0006428"	"isoleucyl-tRNA aminoacylation"	1	4.205041879261369	0.039462871746134484	0.6567761166607892	0.61288768	null
"GO:0006430"	"lysyl-tRNA aminoacylation"	1	4.224714304530398	0.04129165698329396	0.655808945140694	0.61470443	null
"GO:0006432"	"phenylalanyl-tRNA aminoacylation"	2	4.45006426282523	0.0693781554237069	0.6443313910300382	0.63631053	null
"GO:0006433"	"prolyl-tRNA aminoacylation"	1	4.203848463746235	0.03935457221661225	0.656834615996841	0.61277781	null
"GO:0006434"	"seryl-tRNA aminoacylation"	1	4.191395117112106	0.0382420406860657	0.657443880540919	0.61163369	null
"GO:0006435"	"threonyl-tRNA aminoacylation"	1	4.204337075628155	0.03939887656959862	0.6568106674101433	0.61282279	null
"GO:0006436"	"tryptophanyl-tRNA aminoacylation"	1	4.217852280259893	0.04064432115910427	0.6561469222166861	0.6140695	null
"GO:0006438"	"valyl-tRNA aminoacylation"	1	4.165333372596983	0.036014516272028924	0.6587119954465522	0.6092531	null
"GO:0006450"	"regulation of translational fidelity"	2	5.081995025272298	0.29727974718557826	0.9814901200403886	0.62709714	null
"GO:0006487"	"protein N-linked glycosylation"	1	5.088536518542557	0.30179140713135666	0.6945975179765809	0.51840397	null
"GO:0006508"	"proteolysis"	14	6.335491800413612	5.329242630377004	0.8313469037343685	0.44662344	null
"GO:0006515"	"protein quality control for misfolded or incompletely synthesized proteins"	2	4.790207730237464	0.15183594039016676	0.8026062330529035	0.7294484	null
"GO:0006520"	"amino acid metabolic process"	2	6.349827285704941	5.5080894579711925	0.8862276565278719	0.12609755	null
"GO:0006526"	"L-arginine biosynthetic process"	6	5.008561849969881	0.25103338672664227	0.594228897669009	0.61886469	null
"GO:0006534"	"cysteine metabolic process"	1	5.032916782799791	0.26551352609435325	0.6203016962625794	0.86851424	null
"GO:0006535"	"cysteine biosynthetic process from serine"	2	4.588966022708684	0.09552756909743812	0.5904920309235094	0.80307768	null
"GO:0006537"	"glutamate biosynthetic process"	1	4.528067840594207	0.08302881884939528	0.6089318699802794	0.80205444	null
"GO:0006538"	"glutamate catabolic process"	1	4.298612947759947	0.04895138734404807	0.6181973336220549	0.81491845	null
"GO:0006541"	"glutamine metabolic process"	1	5.34329434258671	0.5425831042593171	0.6216941660900648	0.79162733	null
"GO:0006542"	"glutamine biosynthetic process"	2	4.48638796834179	0.07543062231223335	0.6258187931453526	0.79419389	null
"GO:0006552"	"L-leucine catabolic process"	1	4.447824471981958	0.06902125924687227	0.6227412376664124	0.85519121	null
"GO:0006564"	"L-serine biosynthetic process"	1	4.456669629423757	0.0704414598953797	0.6246659977781182	0.83056404	null
"GO:0006565"	"L-serine catabolic process"	2	4.6167485032003	0.10183847804505171	0.6100859334898833	0.87450314	null
"GO:0006567"	"threonine catabolic process"	2	4.605164928546119	0.09915806468937653	0.6129025289960067	0.89657475	null
"GO:0006572"	"tyrosine catabolic process"	1	4.270655548952985	0.04589930969387612	0.6308090929041409	0.74092926	null
"GO:0006574"	"valine catabolic process"	1	4.388047888828436	0.060145620531936776	0.6300700698374946	0.76466524	null
"GO:0006592"	"ornithine biosynthetic process"	1	3.9857407410500745	0.0238160510831159	0.6566789828521821	0.8410407	null
"GO:0006605"	"protein targeting"	3	5.485150507652978	0.7521820755319316	0.943857817781011	0.60603366	null
"GO:0006614"	"SRP-dependent cotranslational protein targeting to membrane"	2	4.8208842300053645	0.16294894893091383	0.9503612896864148	0.53090196	null
"GO:0006629"	"lipid metabolic process"	1	6.385531203866832	5.980051423570241	0.8852097945713507	0.12927537	null
"GO:0006631"	"fatty acid metabolic process"	1	5.856685398354459	1.7695330877461002	0.6133538935140109	0.71366565	null
"GO:0006633"	"fatty acid biosynthetic process"	6	5.530095916325892	0.8341968169685278	0.5738448613449851	0.76922584	null
"GO:0006635"	"fatty acid beta-oxidation"	6	5.212576430258595	0.40155742599782385	0.5989449387449484	0.44245582	null
"GO:0006637"	"acyl-CoA metabolic process"	1	5.306300619215061	0.4982787512729502	0.5532859059599584	0.63048843	null
"GO:0006650"	"glycerophospholipid metabolic process"	1	5.602752139185302	0.986109059299949	0.7044250932504744	0.89557905	null
"GO:0006654"	"phosphatidic acid biosynthetic process"	3	4.63211295962501	0.10550589393114541	0.6961009556215851	0.71609652	null
"GO:0006729"	"tetrahydrobiopterin biosynthetic process"	1	4.442526802021039	0.06818439924601867	0.6950788802684218	0.8246621	null
"GO:0006730"	"one-carbon metabolic process"	2	5.140313163880555	0.3400039115820981	0.7397462495767193	0.28025853	null
"GO:0006744"	"ubiquinone biosynthetic process"	1	4.930301944421756	0.20963835291971347	0.6782547147632183	0.86878601	null
"GO:0006750"	"glutathione biosynthetic process"	1	4.389148357697377	0.060298224414445364	0.7547104825948032	0.76633652	null
"GO:0006751"	"glutathione catabolic process"	1	4.342837036916425	0.05419899181998885	0.7486153574067259	0.50403416	null
"GO:0006753"	"nucleoside phosphate metabolic process"	2	6.262731985027961	4.507187667479684	0.5294013748430945	0.71983707	null
"GO:0006777"	"Mo-molybdopterin cofactor biosynthetic process"	2	4.868897066699831	0.1819973593621079	0.7112586799253301	0.48326912	null
"GO:0006783"	"heme biosynthetic process"	1	5.125770698888183	0.3288072170412657	0.8317332598399737	0.84974592	null
"GO:0006779"	"porphyrin-containing compound biosynthetic process"	1	5.235435013044649	0.4232591749023126	0.8290654170565618	0.95909868	6783
"GO:0006782"	"protoporphyrinogen IX biosynthetic process"	1	4.854099475027679	0.17590058812059509	0.8392335129243979	0.93122963	6783
"GO:0006785"	"heme B biosynthetic process"	1	3.3265406685165617	0.005218068240616548	0.8719522706870004	0.61863702	null
"GO:0006796"	"phosphate-containing compound metabolic process"	1	6.711039325075964	12.653571809553702	0.7328651380972157	0.45955716	null
"GO:0006799"	"polyphosphate biosynthetic process"	1	3.9264453478183894	0.020776280197662395	0.7095987339620519	0.31703347	null
"GO:0006808"	"regulation of nitrogen utilization"	1	4.429865278734561	0.06622516230284378	0.9853736536771069	0.15731299	null
"GO:0006847"	"plasma membrane acetate transport"	1	3.725584972270694	0.013082090895696674	0.9672842418770075	0.23944316	null
"GO:0006885"	"regulation of pH"	1	4.8728086815567115	0.18364400448143453	0.9670396700056967	0.64328953	null
"GO:0006950"	"response to stress"	1	6.428160883324095	6.596819705552286	0.9561510801748855	0.47014853	null
"GO:0006979"	"response to oxidative stress"	1	5.493504057283511	0.7667902052527142	0.9503629319462357	0.60281751	null
"GO:0007584"	"response to nutrient"	1	4.507734468072263	0.07923095125728616	0.9510824358343596	0.82255287	null
"GO:0008033"	"tRNA processing"	3	5.748722810452788	1.3800535206429487	0.6302601160294385	0.70487429	null
"GO:0008203"	"cholesterol metabolic process"	1	4.630193882888373	0.10504069822478856	0.7313873416348791	0.67894449	null
"GO:0008299"	"isoprenoid biosynthetic process"	2	5.295448339918479	0.4859818319662897	0.7477187991690324	0.67322871	null
"GO:0016114"	"terpenoid biosynthetic process"	2	5.0322076383302115	0.2650803279762643	0.7583304750934448	0.9058496	8299
"GO:0008360"	"regulation of cell shape"	14	5.438573990218634	0.6756881487480254	0.9794477533699731	-0	null
"GO:0008615"	"pyridoxine biosynthetic process"	2	4.469998642218747	0.07263698672114854	0.6645377148413044	0.65661275	null
"GO:0042823"	"pyridoxal phosphate biosynthetic process"	1	4.4803519405777585	0.07438947001705373	0.6101315720208149	0.95742143	8615
"GO:0008643"	"carbohydrate transport"	1	5.485315327452051	0.7524675924733993	0.9755457394320721	0.25432829	null
"GO:0008652"	"amino acid biosynthetic process"	2	6.048555994777868	2.752513767454623	0.6929362008213138	0.5749222	null
"GO:0008654"	"phospholipid biosynthetic process"	4	5.742225365940581	1.3595602960338102	0.6499844276007256	0.6058318	null
"GO:0009051"	"pentose-phosphate shunt, oxidative branch"	1	4.354530998050397	0.055678264939144774	0.6041566959112382	0.86713816	null
"GO:0009052"	"pentose-phosphate shunt, non-oxidative branch"	1	4.490253530765666	0.07610503301880361	0.5892870178151991	0.88747436	null
"GO:0009058"	"biosynthetic process"	14	7.06378821024573	28.507692540195496	0.9047933727477152	0.10417633	null
"GO:0009060"	"aerobic respiration"	3	5.6422408851035115	1.0799752151603983	0.8166313272484742	0.86491547	null
"GO:0045333"	"cellular respiration"	1	5.735782478045267	1.3395396511898598	0.8138657656026055	0.93315281	9060
"GO:0009061"	"anaerobic respiration"	1	4.614802335515781	0.1013831277504696	0.8478196333560541	0.69726331	null
"GO:0009062"	"fatty acid catabolic process"	1	5.315491728479956	0.5089364095191151	0.5946103006765442	0.8902962	null
"GO:0009073"	"aromatic amino acid family biosynthetic process"	2	5.48127203050035	0.745494579583934	0.5802349926672838	0.84028821	null
"GO:0009083"	"branched-chain amino acid catabolic process"	2	4.87495122818457	0.18455224371765505	0.6117935871397503	0.83475576	null
"GO:0009086"	"methionine biosynthetic process"	2	5.146431935463051	0.3448281633517247	0.5600841772502829	0.8333482	null
"GO:0009088"	"threonine biosynthetic process"	4	4.74033900005824	0.13536456649101303	0.6120234360382908	0.77192868	null
"GO:0009089"	"lysine biosynthetic process via diaminopimelate"	6	4.967337329757503	0.2283003309387487	0.5695869245242634	0.59687539	null
"GO:0019877"	"diaminopimelate biosynthetic process"	4	4.639057959965443	0.10720668881523318	0.5960480528406884	0.93766512	9089
"GO:0009090"	"homoserine biosynthetic process"	1	4.2473102774556555	0.043497029220837556	0.6356109439758819	0.87023356	null
"GO:0009094"	"L-phenylalanine biosynthetic process"	1	4.198327117723478	0.03885737892198747	0.6411631418543468	0.70741349	null
"GO:0009097"	"isoleucine biosynthetic process"	6	5.030619958888762	0.26411301626939526	0.5982491994891262	0.24542934	null
"GO:0009099"	"L-valine biosynthetic process"	3	4.873384549440535	0.18388767842285955	0.6037971170516845	0.89905583	null
"GO:0009098"	"L-leucine biosynthetic process"	3	4.798981936147421	0.15493478374626876	0.6084686986430022	0.9032374	9099
"GO:0009102"	"biotin biosynthetic process"	1	4.497275286357995	0.07734555490242188	0.6241029510446612	0.55208497	null
"GO:0009113"	"purine nucleobase biosynthetic process"	1	4.806295318137176	0.1575659700430702	0.621073693311553	0.88320917	null
"GO:0009116"	"nucleoside metabolic process"	1	5.280778627725314	0.46984027936159006	0.6137773972132289	0.84147352	null
"GO:0009117"	"nucleotide metabolic process"	1	6.13588096544101	3.36553833160932	0.5372169128110575	0.87477152	null
"GO:0009146"	"purine nucleoside triphosphate catabolic process"	1	4.499975600182359	0.07782798007938455	0.6134241015595545	0.77769884	null
"GO:0009228"	"thiamine biosynthetic process"	3	4.869648207910003	0.18231241253889985	0.6075918647965038	0.73067997	null
"GO:0009229"	"thiamine diphosphate biosynthetic process"	2	4.69769129793841	0.12270336694868685	0.5836862615283802	0.94924578	9228
"GO:0009231"	"riboflavin biosynthetic process"	1	4.946467003263508	0.21758852292782263	0.6694830597679221	0.74128923	null
"GO:0009234"	"menaquinone biosynthetic process"	2	4.5500448095649055	0.0873386478537913	0.6968203587825202	0.40212138	null
"GO:0009236"	"cobalamin biosynthetic process"	4	4.980471520550195	0.2353102641223694	0.6522023207972497	0.69147078	null
"GO:0009252"	"peptidoglycan biosynthetic process"	10	5.395560516915173	0.6119735664477425	0.6609740366265133	0.85978205	null
"GO:0009263"	"deoxyribonucleotide biosynthetic process"	2	4.8936119795139845	0.19265501760827283	0.5795621792320456	0.62353601	null
"GO:0009264"	"deoxyribonucleotide catabolic process"	1	4.694999832747095	0.12194527024203125	0.5864140246725519	0.90020624	9263
"GO:0009303"	"rRNA transcription"	1	4.318522442141257	0.051247829640508086	0.71864599971794	0.69007276	null
"GO:0009306"	"protein secretion"	1	5.199500118868419	0.3896469391033222	0.9446535437005258	0.62754829	null
"GO:0009401"	"phosphoenolpyruvate-dependent sugar phosphotransferase system"	2	4.853144346172607	0.1755141557084362	0.9606930968926624	0.29013927	null
"GO:0009403"	"toxin biosynthetic process"	1	4.506613254304735	0.07902665896296013	0.8279209504251251	0.21656477	null
"GO:0009408"	"response to heat"	2	5.132054664397105	0.3335994712226244	0.9508400038115464	0.54861894	null
"GO:0034605"	"cellular response to heat"	1	4.7774558227219925	0.1474424253856854	0.9340522918430175	0.90210951	9408
"GO:0009423"	"chorismate biosynthetic process"	2	4.860888761921942	0.1786720715351867	0.6371833442098996	0.77628968	null
"GO:0009432"	"SOS response"	2	4.983851718991472	0.23714889477130363	0.9320782709112035	0.69518615	null
"GO:0009435"	"NAD biosynthetic process"	1	4.929434253484342	0.20921992291928668	0.5684560123810124	0.83281015	null
"GO:0010124"	"phenylacetate catabolic process"	1	4.469306445431168	0.07252130313279526	0.6367494373146483	0.75420591	null
"GO:0010125"	"mycothiol biosynthetic process"	1	3.7746629225378223	0.014647511367881639	0.7386155775285239	0.74235245	null
"GO:0010133"	"proline catabolic process to glutamate"	3	4.287376181552599	0.04770102004865504	0.6174809015929467	0.65802652	null
"GO:0010468"	"regulation of gene expression"	1	6.7497482160021365	13.833180130521608	0.9628334647511088	0.81405727	null
"GO:0010498"	"proteasomal protein catabolic process"	6	5.5433229006469125	0.8599942571713117	0.7742191415624518	0.86825921	null
"GO:0015031"	"protein transport"	1	6.082135596279315	2.9737820130332575	0.9343885584877861	0.77928584	null
"GO:0015677"	"copper ion import"	1	4.1941812087938475	0.038488175980434414	0.9792606748719193	0.19946067	null
"GO:0015689"	"molybdate ion transport"	1	4.413567971273289	0.06378596153564992	0.9771161648576889	0.67112523	null
"GO:0015833"	"peptide transport"	1	5.182890916676881	0.37502650261782117	0.9693808824025113	0.48662697	null
"GO:0015920"	"lipopolysaccharide transport"	1	4.504566002663273	0.07865499466846339	0.9701568948933131	0.43090606	null
"GO:0015937"	"coenzyme A biosynthetic process"	3	4.765161706371938	0.14332704326384063	0.5554939810143962	0.69270465	null
"GO:0015940"	"pantothenate biosynthetic process"	1	4.546542663478131	0.0866371622648405	0.6247055815495638	0.76131919	null
"GO:0015949"	"nucleobase-containing small molecule interconversion"	1	4.136213065513025	0.033678692328469914	0.7071204195419877	0.41256646	null
"GO:0015990"	"electron transport coupled proton transport"	2	4.748908667832734	0.13806220931729404	0.958795425129297	0.47673176	null
"GO:0016036"	"cellular response to phosphate starvation"	1	4.475264300605003	0.07352307378087589	0.9286291040511631	0.81781278	null
"GO:0016052"	"carbohydrate catabolic process"	1	5.8325740519931975	1.673968598354507	0.7860905508066491	0.55817152	null
"GO:0016054"	"organic acid catabolic process"	1	5.920987401179975	2.051921649622372	0.5984372700069259	0.73911899	null
"GO:0016226"	"iron-sulfur cluster assembly"	5	5.117211617504696	0.3223904699170736	0.9337221740953096	0.35212222	null
"GO:0016260"	"selenocysteine biosynthetic process"	1	4.120442306873306	0.032477552091950634	0.6429034726697523	0.65331171	null
"GO:0017004"	"cytochrome complex assembly"	2	5.0572932568752815	0.2808428322276361	0.9305137258866073	0.51675589	null
"GO:0017038"	"protein import"	1	4.507059384802115	0.0791078836101018	0.9510198397837681	0.52231367	null
"GO:0018104"	"peptidoglycan-protein cross-linking"	1	4.312008007838723	0.05048481022796509	0.7157702315971458	0.68500802	null
"GO:0019262"	"N-acetylneuraminate catabolic process"	1	4.160768561861128	0.03563792927164481	0.6317040723718782	0.69542318	null
"GO:0019265"	"glycine biosynthetic process, by transamination of glyoxylate"	1	4.041353202046975	0.027069959674670182	0.6452309839602147	0.8120489	null
"GO:0019277"	"UDP-N-acetylgalactosamine biosynthetic process"	1	4.05045709478573	0.027643454910549266	0.6247002410461523	0.49572	null
"GO:0019288"	"isopentenyl diphosphate biosynthetic process, methylerythritol 4-phosphate pathway"	2	4.751771641015894	0.13897537125940196	0.6643898709587303	0.85671722	null
"GO:0009240"	"isopentenyl diphosphate biosynthetic process"	1	4.853862409738059	0.17580459535579127	0.680164182697006	0.98007787	19288
"GO:0019316"	"D-allose catabolic process"	1	3.648652695131223	0.010957943305294749	0.7340486881790693	0.72254553	null
"GO:0019323"	"pentose catabolic process"	1	4.611202692182174	0.10054626774961603	0.6958693786821849	0.70208956	null
"GO:0019343"	"cysteine biosynthetic process via cystathionine"	2	3.550839605065785	0.008747648361863777	0.6449002625370316	0.46946398	null
"GO:0019346"	"transsulfuration"	1	4.588798144825715	0.09549064880328281	0.6288508558463392	0.85069935	null
"GO:0019427"	"acetyl-CoA biosynthetic process from acetate"	1	4.0210238220315855	0.025831899143995595	0.565360432623383	0.7778982	null
"GO:0019441"	"tryptophan catabolic process to kynurenine"	1	4.509565403222792	0.07956569525762759	0.6094878545826666	0.86831204	null
"GO:0019442"	"tryptophan catabolic process to acetyl-CoA"	1	3.6829569263012085	0.01185879848268421	0.5575601702379983	0.73566972	null
"GO:0019464"	"glycine decarboxylation via glycine cleavage system"	3	4.487915731359767	0.07569644843015155	0.6170264248205029	0.60746701	null
"GO:0019491"	"ectoine biosynthetic process"	1	3.7331169814420644	0.01331099671945957	0.6969365988500682	0.45694237	null
"GO:0019509"	"L-methionine salvage from methylthioadenosine"	1	4.444060417740776	0.06842561183450001	0.5845186275435799	0.89031291	null
"GO:0019518"	"L-threonine catabolic process to glycine"	1	3.651568738865792	0.011031783893605361	0.6519512702426238	0.76732465	null
"GO:0019521"	"D-gluconate metabolic process"	1	4.329275812236455	0.05253265587711273	0.7063816358294446	0.84746785	null
"GO:0019543"	"propionate catabolic process"	1	4.091596620810058	0.030390324795704016	0.6612939965438178	0.89774191	null
"GO:0019557"	"L-histidine catabolic process to glutamate and formate"	2	4.207661291196781	0.039701622981672124	0.608264451988545	0.8285094	null
"GO:0019556"	"L-histidine catabolic process to glutamate and formamide"	2	4.24440083380137	0.04320658957348249	0.6000727186073773	0.9672063	19557
"GO:0019628"	"urate catabolic process"	1	3.9146075677710805	0.020217553079445432	0.7144648280655829	0.49562726	null
"GO:0019693"	"ribose phosphate metabolic process"	2	5.9265178785086015	2.078218744472724	0.7138864197333723	0.6142609	null
"GO:0019740"	"nitrogen utilization"	1	4.215267343431722	0.04040310857062293	0.9450512505041171	0.78174035	null
"GO:0019676"	"ammonia assimilation cycle"	1	3.9429005411402938	0.02157868125730437	0.6383297806846033	0.96102702	19740
"GO:0019853"	"L-ascorbic acid biosynthetic process"	1	4.054881054862772	0.027926510499073274	0.6619812629234325	0.81875605	null
"GO:0019856"	"pyrimidine nucleobase biosynthetic process"	2	4.968249394107917	0.22878029476276768	0.6156235875319912	0.79490284	null
"GO:0006207"	"'de novo' pyrimidine nucleobase biosynthetic process"	2	4.804861519542023	0.15704662457195226	0.6251323518543052	0.92276685	19856
"GO:0019941"	"modification-dependent protein catabolic process"	6	5.716693490243442	1.2819366082487518	0.7665031239444354	0.36146872	null
"GO:0051603"	"proteolysis involved in protein catabolic process"	1	5.85954056916535	1.7812048234050641	0.7599415570963305	0.92215275	19941
"GO:0022900"	"electron transport chain"	2	5.5178896866418805	0.8110773287684753	0.8249404258127935	0.71650568	null
"GO:0022904"	"respiratory electron transport chain"	1	5.426678765880336	0.6574322939646986	0.8231113647940248	0.89415749	null
"GO:0030026"	"intracellular manganese ion homeostasis"	1	4.228939042456542	0.04169531886605864	0.9824649918603849	0.61404349	null
"GO:0030163"	"protein catabolic process"	2	5.896636981524518	1.9400383902141334	0.7603249588472955	0.77904845	null
"GO:0030259"	"lipid glycosylation"	1	4.313192063634804	0.05062264599281157	0.7993103494541276	0.76144798	null
"GO:0030261"	"chromosome condensation"	2	4.691894480036592	0.1210764126529097	0.9441260984070458	0.63190518	null
"GO:0030388"	"fructose 1,6-bisphosphate metabolic process"	2	4.531197812010173	0.08362938896765493	0.7775115231007068	0.39438955	null
"GO:0030435"	"sporulation resulting in formation of a cellular spore"	2	4.549542727884881	0.08723773238310013	0.9958917552512419	-0	null
"GO:0030488"	"tRNA methylation"	1	5.096162383353206	0.3071374657250449	0.6621929180026878	0.86462941	null
"GO:0031119"	"tRNA pseudouridine synthesis"	1	4.48753429415712	0.075629991900672	0.6935706134855427	0.7938243	null
"GO:0031564"	"transcription antitermination"	3	4.506748493767075	0.079051272492397	0.9640057564162077	0.73744801	null
"GO:0032259"	"methylation"	4	6.033478038904545	2.6585910004764686	0.9277408520798622	0.06752757	null
"GO:0032263"	"GMP salvage"	1	4.107243897578974	0.03150531767919425	0.5961376615426077	0.8818029	null
"GO:0032264"	"IMP salvage"	2	4.274504222655883	0.04630789428252817	0.58734809003609	0.89805488	null
"GO:0032784"	"regulation of DNA-templated transcription elongation"	2	4.868926432549143	0.1820096661268263	0.9746456585515962	0.36878809	null
"GO:0033539"	"fatty acid beta-oxidation using acyl-CoA dehydrogenase"	3	4.652835962028358	0.1106624283481698	0.6326911300158236	0.88567879	null
"GO:0033567"	"DNA replication, Okazaki fragment processing"	1	3.9230885154423993	0.020616292256322735	0.8111872444445661	0.87034397	null
"GO:0033993"	"response to lipid"	1	5.0331462008952395	0.26565382321214337	0.9602817856565805	0.51588263	null
"GO:0034628"	"'de novo' NAD biosynthetic process from aspartate"	1	4.127849590187638	0.03303627921016759	0.5356264479892718	0.841462	null
"GO:0035435"	"phosphate ion transmembrane transport"	2	4.745590015265257	0.1370112116103397	0.9574035838447611	0.28439596	null
"GO:0042026"	"protein refolding"	3	4.8981709930144	0.19468809513975832	0.7655446953905817	0.69242144	null
"GO:0042245"	"RNA repair"	2	4.00702192557868	0.025012268613747807	0.8121517009257934	0.29399678	null
"GO:0042254"	"ribosome biogenesis"	2	5.965342835560622	2.27256471155331	0.9190595332168574	0.8843483	null
"GO:0042274"	"ribosomal small subunit biogenesis"	2	5.378566861327505	0.5884897980120243	0.9271145467279602	0.79333234	null
"GO:0042450"	"arginine biosynthetic process via ornithine"	1	4.5260160213407525	0.08263746373134903	0.6281090595265694	0.83910541	null
"GO:0042594"	"response to starvation"	1	5.107647436650064	0.3153682299687344	0.9414242696434107	0.54530827	null
"GO:0042773"	"ATP synthesis coupled electron transport"	3	5.152022181008303	0.3492955189445167	0.8311914169836556	0.81679552	null
"GO:0019646"	"aerobic electron transport chain"	2	5.05577192349387	0.27986075240310504	0.8340773991574364	0.91664153	42773
"GO:0042777"	"proton motive force-driven plasma membrane ATP synthesis"	1	4.275955981753744	0.04646295951798045	0.5998487292714548	0.73113013	null
"GO:0043043"	"peptide biosynthetic process"	1	4.9623788076383075	0.22570852628904622	0.8473693164889241	0.84119127	null
"GO:0043093"	"FtsZ-dependent cytokinesis"	2	4.611468390479829	0.1006078015732082	0.9790063671526316	0.82217502	null
"GO:0043137"	"DNA replication, removal of RNA primer"	1	4.487689734941669	0.07565706678305256	0.7138818520139218	0.7008534	null
"GO:0043171"	"peptide catabolic process"	1	4.574991443977495	0.09250256632964673	0.7946129118484299	0.52558402	null
"GO:0043200"	"response to amino acid"	3	4.768578908868907	0.14445926561793668	0.9620675185517077	0.49029147	null
"GO:0043335"	"protein unfolding"	1	4.2840244503226454	0.04733427846004567	0.9847277653677405	0.01388117	null
"GO:0043686"	"co-translational protein modification"	1	2.3654879848909	0.0005685725299917087	0.9065588520692466	0.17778789	null
"GO:0043952"	"protein transport by the Sec complex"	3	4.701127423330272	0.12367806271438692	0.9464224995786886	0.80831809	null
"GO:0044205"	"'de novo' UMP biosynthetic process"	4	4.83315348917113	0.16761813546508814	0.5614171766719418	0.78023589	null
"GO:0044206"	"UMP salvage"	1	4.182443185957241	0.037461791802916915	0.5892480714007416	0.86021822	null
"GO:0006223"	"uracil salvage"	1	3.8572118423168926	0.017714357135715703	0.6479772243894187	0.9395675	44206
"GO:0044208"	"'de novo' AMP biosynthetic process"	1	4.405517106976376	0.06261435753445488	0.5903152267185601	0.88581796	null
"GO:0044209"	"AMP salvage"	2	4.3870337012823635	0.06000532341414661	0.580217041448915	0.87022954	null
"GO:0044210"	"'de novo' CTP biosynthetic process"	2	4.340245761567932	0.053876554584365854	0.5926730182488299	0.81662217	null
"GO:0045454"	"cell redox homeostasis"	3	5.117264665155044	0.32242985156417253	0.9817019291965328	-0	null
"GO:0045727"	"positive regulation of translation"	1	4.732691230068507	0.13300166766507346	0.9670072924103366	0.77059212	null
"GO:0045892"	"negative regulation of DNA-templated transcription"	8	5.754521101611824	1.3986022764265744	0.9611037777226362	0.20909207	null
"GO:0045893"	"positive regulation of DNA-templated transcription"	3	5.793807839906026	1.531020603443994	0.9648783032193116	0.46174448	null
"GO:0045900"	"negative regulation of translational elongation"	2	4.2070146586829	0.03964255051102364	0.9666965136503141	0.60334859	null
"GO:0046040"	"IMP metabolic process"	1	5.209582030125189	0.39879824934795066	0.5677875665619794	0.89732432	null
"GO:0009156"	"ribonucleoside monophosphate biosynthetic process"	1	5.53150574028484	0.8369092279124709	0.5445024873228697	0.90856444	46040
"GO:0046084"	"adenine biosynthetic process"	1	4.35289610469331	0.05546904993893137	0.6445693855881309	0.8152951	null
"GO:0006168"	"adenine salvage"	1	4.01736728355353	0.025615300084951134	0.6362883886450726	0.9179521	46084
"GO:0046100"	"hypoxanthine metabolic process"	1	4.2878017299302265	0.04774778575458509	0.6723415049515056	0.49133118	null
"GO:0046167"	"glycerol-3-phosphate biosynthetic process"	1	4.131073048034346	0.0332824145045363	0.7416844864555969	0.85334378	null
"GO:0046168"	"glycerol-3-phosphate catabolic process"	2	4.1906957924917325	0.038180506862473526	0.7224208973506157	0.37171496	null
"GO:0006072"	"glycerol-3-phosphate metabolic process"	1	4.663191909160893	0.11333299629207023	0.7640440843638217	0.9151587	46168
"GO:0046327"	"glycerol biosynthetic process from pyruvate"	1	3.6946929263314843	0.012183697071250901	0.6583224548112984	0.8026707	null
"GO:0046359"	"butyrate catabolic process"	1	3.5281450782531065	0.008302143479056423	0.685811616448181	0.70453697	null
"GO:0046491"	"L-methylmalonyl-CoA metabolic process"	1	4.1615776110488705	0.03570438580112436	0.6240816205679389	0.79691544	null
"GO:0046653"	"tetrahydrofolate metabolic process"	1	5.149714726288552	0.34744458153086405	0.8521985883935381	0.85483945	null
"GO:0046654"	"tetrahydrofolate biosynthetic process"	3	4.749280144148331	0.13818035425859101	0.8156936039284394	0.89082378	null
"GO:0046656"	"folic acid biosynthetic process"	4	4.565292794584015	0.09045964338638648	0.614053254289959	0.66600587	null
"GO:0046677"	"response to antibiotic"	3	5.115703683637	0.32127301568063965	0.9596921546574562	0.31728257	null
"GO:0046949"	"fatty-acyl-CoA biosynthetic process"	1	4.08429022853693	0.02988328608930448	0.5749714784425969	0.79546991	null
"GO:0048034"	"heme O biosynthetic process"	1	3.8902533051545345	0.019114866960673636	0.8615389307796079	0.15365148	null
"GO:0050667"	"homocysteine metabolic process"	1	4.808555300130965	0.1583880619262617	0.6295273774480113	0.6380283	null
"GO:0050992"	"dimethylallyl diphosphate biosynthetic process"	2	4.151584339359896	0.03489213932970763	0.7309749975124759	0.65145946	null
"GO:0051083"	"'de novo' cotranslational protein folding"	1	4.135418905027852	0.03361715850487773	0.7909843433239462	0.85765433	null
"GO:0051085"	"chaperone cofactor-dependent protein refolding"	4	4.829766773388633	0.1663160797578777	0.7669028665860766	0.3726088	null
"GO:0051258"	"protein polymerization"	1	4.848423141732414	0.1736164525888535	0.9330279311676241	0.59147964	null
"GO:0051259"	"protein complex oligomerization"	1	4.980952778597704	0.23557116753440024	0.9314531919714792	0.60661447	null
"GO:0051301"	"cell division"	13	5.748023584395164	1.377833380287743	0.979900494407875	0.02020389	null
"GO:0051484"	"isopentenyl diphosphate biosynthetic process, methylerythritol 4-phosphate pathway involved in terpenoid biosynthetic process"	1	3.9232440186302764	0.020623676315153796	0.7028470723561956	0.73838916	null
"GO:0052645"	"F420-0 metabolic process"	1	3.4220971631317103	0.006502894477221188	0.6811569255544263	0.76579213	null
"GO:0052865"	"1-deoxy-D-xylulose 5-phosphate biosynthetic process"	1	3.961088719767896	0.022501688611187017	0.7559805213375234	0.42340097	null
"GO:0055085"	"transmembrane transport"	2	6.721216453410256	12.953593503918547	0.9439921463394677	0.39644938	null
"GO:0055129"	"L-proline biosynthetic process"	2	4.576295268770989	0.09278069921228338	0.620007613777355	0.88312872	null
"GO:0061077"	"chaperone-mediated protein folding"	1	5.015694988526518	0.2551906118485297	0.7607931381821416	0.71669504	null
"GO:0061136"	"regulation of proteasomal protein catabolic process"	1	4.9919699430999955	0.2416236344229267	0.972401701219404	0.32278817	null
"GO:0061621"	"canonical glycolysis"	1	4.120376479744434	0.032472629386063254	0.5239168786412592	0.80814855	null
"GO:0065002"	"intracellular protein transmembrane transport"	3	5.038576452162797	0.26899634050967036	0.9432312306052426	0.01655073	null
"GO:0070475"	"rRNA base methylation"	1	4.911077669883678	0.20056088326339563	0.6560439190425258	0.78060969	null
"GO:0070478"	"nuclear-transcribed mRNA catabolic process, 3'-5' exonucleolytic nonsense-mediated decay"	1	3.7327956982893293	0.013301151307684823	0.7348737928425465	0.55341303	null
"GO:0070490"	"protein pupylation"	3	3.7074850119674734	0.012547977306916584	0.8883228661974604	0.22325285	null
"GO:0070681"	"glutaminyl-tRNAGln biosynthesis via transamidation"	2	4.3560067248562	0.05586778911580867	0.6992834505478545	0.40804057	null
"GO:0070929"	"trans-translation"	1	3.963740618857884	0.02263952437603349	0.790768665391884	0.68279995	null
"GO:0071266"	"'de novo' L-methionine biosynthetic process"	1	4.250810204025981	0.04384900269178481	0.6140457642043624	0.84157978	null
"GO:0071333"	"cellular response to glucose stimulus"	1	3.9568404901592333	0.022282628199198868	0.9363682730215169	0.58684542	null
"GO:0071555"	"cell wall organization"	10	5.575150882122251	0.9253874821791894	0.9362287617692956	0.0191727	null
"GO:0071897"	"DNA biosynthetic process"	1	5.4952986766316325	0.7699653505500705	0.6660689331544317	0.64755141	null
"GO:0072344"	"rescue of stalled ribosome"	2	4.398547595734928	0.06161750959226163	0.7503577265501388	0.33740025	null
"GO:0032790"	"ribosome disassembly"	1	4.774276029699728	0.14636681414929414	0.9396642905521648	0.91756241	72344
"GO:0080120"	"CAAX-box protein maturation"	1	4.537264858754543	0.08480591567473733	0.7805859166560314	0.55189546	null
"GO:0097510"	"base-excision repair, AP site formation via deaminated base removal"	1	4.01678271248684	0.025580841143739517	0.7861699895556916	0.56427047	null
"GO:0140673"	"transcription elongation-coupled chromatin remodeling"	1	4.302460807910379	0.049387046815080674	0.706495205335174	0.61130549	null
"GO:1900079"	"regulation of arginine biosynthetic process"	1	3.6463056802847587	0.01089887083464626	0.980434711884261	0.25312032	null
"GO:1901135"	"carbohydrate derivative metabolic process"	1	6.429946135493561	6.623993042050591	0.9203777754341922	0.11472087	null
"GO:1901137"	"carbohydrate derivative biosynthetic process"	1	6.247150517744046	4.348346716611784	0.7247616249588781	0.72325675	null
"GO:1990481"	"mRNA pseudouridine synthesis"	1	4.3048565939970285	0.04966025699182994	0.7873911693555377	0.3120618	null
